"","cellid","coretype","primary","secondary"
"1","A01101401","Core","Vip Mybpc1","0"
"2","A01101402","Core","Vip Parm1","0"
"3","A01101403","Core","L4 Ctxn3","0"
"4","A01101404","Core","Vip Chat","0"
"5","A01101405","Core","Vip Parm1","0"
"6","A01101406","Core","L2/3 Ptgs2","0"
"7","A01101407","Core","L2 Ngb","0"
"8","A01101408","Core","L2/3 Ptgs2","0"
"9","A02271433","Transition","L4 Ctxn3","L2/3 Ptgs2"
"10","A02271434","Core","L2 Ngb","0"
"11","A02271435","Core","Pvalb Gpx3","0"
"12","A02271436","Core","L2/3 Ptgs2","0"
"13","A02271437","Core","Vip Chat","0"
"14","A02271438","Core","L2/3 Ptgs2","0"
"15","A02271439","Core","Vip Parm1","0"
"16","A02271440","Transition","Ndnf Cxcl14","Vip Parm1"
"17","A12101401","Core","Vip Gpc3","0"
"18","A12101402","Core","Vip Chat","0"
"19","A12101403","Core","Vip Chat","0"
"20","A12101404","Core","Vip Gpc3","0"
"21","A12101405","Core","Vip Chat","0"
"22","A12101406","Core","Vip Sncg","0"
"23","A12101407","Core","L4 Ctxn3","0"
"24","A12101408","Core","Vip Mybpc1","0"
"25","A12101409","Core","Vip Chat","0"
"26","A12101410","Core","Vip Chat","0"
"27","A12101411","Transition","L5a Batf3","L6a Sla"
"28","A12101412","Transition","Endo Myl9","OPC Pdgfra"
"29","A12101413","Core","Vip Gpc3","0"
"30","A12101414","Core","L2 Ngb","0"
"31","A12101415","Core","L4 Ctxn3","0"
"32","A12101416","Core","L4 Ctxn3","0"
"33","A12101417","Core","L2/3 Ptgs2","0"
"34","A12101418","Transition","Vip Parm1","Ndnf Cxcl14"
"35","A12101419","Core","Vip Chat","0"
"36","A12101420","Transition","Ndnf Cxcl14","Vip Gpc3"
"37","A12101421","Transition","Vip Mybpc1","Vip Parm1"
"38","A12101422","Transition","Vip Parm1","Vip Mybpc1"
"39","A12101423","Core","L2/3 Ptgs2","0"
"40","A12101424","Core","Vip Mybpc1","0"
"41","A12101425","Transition","Ndnf Car4","Ndnf Cxcl14"
"42","A12101426","Core","L2/3 Ptgs2","0"
"43","A12101427","Core","Vip Mybpc1","0"
"44","A12101428","Transition","Ndnf Cxcl14","Vip Gpc3"
"45","A12101429","Core","L4 Scnn1a","0"
"46","A12101430","Core","Astro Aqp4","0"
"47","A12101431","Core","L4 Ctxn3","0"
"48","A12101432","Core","Astro Aqp4","0"
"49","A12101433","Core","Vip Chat","0"
"50","A12101434","Core","Astro Aqp4","0"
"51","A12101435","Transition","L2/3 Ptgs2","L4 Ctxn3"
"52","A12101436","Core","Vip Parm1","0"
"53","A12101437","Core","Astro Aqp4","0"
"54","A12101438","Core","Vip Mybpc1","0"
"55","A12101439","Core","Vip Parm1","0"
"56","A12101440","Core","Vip Parm1","0"
"57","A12101441","Core","Vip Parm1","0"
"58","A12101442","Core","Astro Aqp4","0"
"59","A12101443","Core","Vip Mybpc1","0"
"60","A12101444","Transition","Vip Parm1","Vip Mybpc1"
"61","A12101445","Transition","Endo Myl9","OPC Pdgfra"
"62","A12101446","Core","Vip Chat","0"
"63","A12101447","Core","Vip Chat","0"
"64","A12101448","Core","Ndnf Cxcl14","0"
"65","B06061401","Core","L4 Ctxn3","0"
"66","B06061402","Core","L4 Ctxn3","0"
"67","B06061403","Core","L4 Ctxn3","0"
"68","B06061404","Core","L5 Hsd11b1","0"
"69","B06061405","Core","L4 Scnn1a","0"
"70","B06061406","Core","L5 Hsd11b1","0"
"71","B06061408","Core","L4 Arf5","0"
"72","B06061409","Core","L5a Batf3","0"
"73","B06061410","Core","L5a Batf3","0"
"74","B06061411","Transition","L5 Hsd11b1","L5a Tcerg1l"
"75","B06061412","Core","L4 Ctxn3","0"
"76","B06061413","Core","L4 Ctxn3","0"
"77","B06061414","Core","L4 Arf5","0"
"78","B06061415","Core","L4 Ctxn3","0"
"79","B06061416","Transition","L4 Scnn1a","L4 Ctxn3"
"80","B07161401","Core","L4 Scnn1a","0"
"81","B07161402","Transition","L4 Scnn1a","L4 Ctxn3"
"82","B07161403","Core","L4 Scnn1a","0"
"83","B07161404","Core","L5 Hsd11b1","0"
"84","B07161405","Transition","L4 Scnn1a","L4 Ctxn3"
"85","B07161406","Core","L4 Scnn1a","0"
"86","B07161407","Transition","L4 Scnn1a","L4 Ctxn3"
"87","B07161408","Core","L5 Hsd11b1","0"
"88","B13090617","Core","L4 Ctxn3","0"
"89","B13090618","Transition","L4 Arf5","L4 Scnn1a"
"90","B13090619","Core","L4 Ctxn3","0"
"91","B13090620","Transition","L4 Scnn1a","L4 Ctxn3"
"92","B13090621","Core","L4 Scnn1a","0"
"93","B13090622","Transition","L4 Arf5","L4 Scnn1a"
"94","B13090623","Core","L4 Arf5","0"
"95","B13090624","Core","L4 Arf5","0"
"96","B13121001","Core","L4 Scnn1a","0"
"97","B13121002","Transition","L4 Scnn1a","L4 Ctxn3"
"98","B13121003","Transition","L4 Scnn1a","L4 Arf5"
"99","B13121005","Core","L4 Scnn1a","0"
"100","B13121006","Transition","L4 Scnn1a","L4 Ctxn3"
"101","B13121007","Core","L4 Arf5","0"
"102","B13121008","Core","L4 Scnn1a","0"
"103","B14042525","Core","Astro Aqp4","0"
"104","B14042526","Core","L5 Ucma","0"
"105","B14042527","Core","L5a Batf3","0"
"106","B14042528","Core","L5a Batf3","0"
"107","B14042529","Core","L5a Batf3","0"
"108","B14042530","Core","L5a Tcerg1l","0"
"109","B14042531","Core","L5a Batf3","0"
"110","B14042532","Core","L5a Tcerg1l","0"
"111","B14042533","Core","Astro Aqp4","0"
"112","B14042534","Core","L5a Batf3","0"
"113","B14042535","Core","L5a Batf3","0"
"114","B14042536","Transition","L5a Batf3","L5a Pde1c"
"115","B14042537","Core","L5a Batf3","0"
"116","B14042538","Core","L5a Tcerg1l","0"
"117","B14042539","Core","L5a Batf3","0"
"118","B14042540","Core","Astro Aqp4","0"
"119","C01101441","Transition","L4 Scnn1a","L4 Ctxn3"
"120","C01101442","Core","L4 Ctxn3","0"
"121","C01101443","Core","L4 Ctxn3","0"
"122","C01101444","Transition","L4 Ctxn3","L4 Scnn1a"
"123","C01101445","Core","L2/3 Ptgs2","0"
"124","C01101446","Core","L4 Arf5","0"
"125","C01101447","Core","L2/3 Ptgs2","0"
"126","C01101448","Core","L4 Ctxn3","0"
"127","C02061549n","Core","Vip Chat","0"
"128","C02061550n","Core","Astro Aqp4","0"
"129","C02061551n","Core","Astro Aqp4","0"
"130","C02061552n","Core","Astro Aqp4","0"
"131","C02061553n","Core","Micro Ctss","0"
"132","C02061554n","Core","Micro Ctss","0"
"133","C02061555n","Core","Astro Aqp4","0"
"134","C02061556n","Core","L2/3 Ptgs2","0"
"135","C02061557n","Core","Pvalb Tacr3","0"
"136","C02061558n","Core","Endo Xdh","0"
"137","C02061559n","Core","Astro Aqp4","0"
"138","C02061560n","Core","Micro Ctss","0"
"139","C02061561n","Core","Astro Aqp4","0"
"140","C02061562n","Core","L2/3 Ptgs2","0"
"141","C02061563n","Core","Micro Ctss","0"
"142","C06041401","Core","L2/3 Ptgs2","0"
"143","C06041402","Core","L5 Hsd11b1","0"
"144","C06041403","Core","L4 Scnn1a","0"
"145","C06041404","Core","L4 Ctxn3","0"
"146","C06041405","Core","L4 Ctxn3","0"
"147","C06041406","Core","L4 Ctxn3","0"
"148","C06041407","Core","L2/3 Ptgs2","0"
"149","C06041408","Core","L2/3 Ptgs2","0"
"150","C06041409","Core","L4 Scnn1a","0"
"151","C06041410","Core","L4 Ctxn3","0"
"152","C06041411","Core","L2/3 Ptgs2","0"
"153","C06041412","Transition","L4 Ctxn3","L4 Scnn1a"
"154","C06041413","Transition","L4 Scnn1a","L4 Ctxn3"
"155","C06041414","Core","L4 Ctxn3","0"
"156","C06041415","Core","L4 Arf5","0"
"157","C06041416","Transition","L4 Scnn1a","L4 Ctxn3"
"158","C06041417","Core","L2/3 Ptgs2","0"
"159","C06041418","Transition","L5 Hsd11b1","L4 Scnn1a"
"160","C06041419","Core","L2/3 Ptgs2","0"
"161","C06041420","Core","L2/3 Ptgs2","0"
"162","C06041421","Core","L4 Scnn1a","0"
"163","C06041422","Core","L5 Hsd11b1","0"
"164","C06041423","Core","L2/3 Ptgs2","0"
"165","C06041424","Core","L4 Ctxn3","0"
"166","C06041425","Core","L4 Scnn1a","0"
"167","C06041426","Core","L2/3 Ptgs2","0"
"168","C06041427","Core","L4 Arf5","0"
"169","C06041428","Core","L4 Arf5","0"
"170","C06041429","Core","L4 Ctxn3","0"
"171","C06041430","Core","L2/3 Ptgs2","0"
"172","C06041431","Core","L5 Hsd11b1","0"
"173","C06041432","Core","L4 Scnn1a","0"
"174","C06051401","Core","L2/3 Ptgs2","0"
"175","C06051402","Core","L4 Scnn1a","0"
"176","C06051403","Transition","L4 Arf5","L4 Ctxn3"
"177","C06051404","Core","L4 Ctxn3","0"
"178","C06051405","Core","L2/3 Ptgs2","0"
"179","C06051406","Core","L2/3 Ptgs2","0"
"180","C06051407","Core","L4 Ctxn3","0"
"181","C06051408","Core","L5 Hsd11b1","0"
"182","C07211401","Core","L2 Ngb","0"
"183","C07211402","Core","L2/3 Ptgs2","0"
"184","C07211403","Transition","L4 Scnn1a","L4 Ctxn3"
"185","C07211404","Core","L4 Ctxn3","0"
"186","C07211405","Core","L5 Hsd11b1","0"
"187","C07211406","Core","L2/3 Ptgs2","0"
"188","C07211407","Core","L4 Ctxn3","0"
"189","C07211408","Core","L4 Ctxn3","0"
"190","C07211409","Core","L2/3 Ptgs2","0"
"191","C07211410","Transition","L4 Scnn1a","L4 Ctxn3"
"192","C07211411","Core","L2/3 Ptgs2","0"
"193","C07211412","Core","L2/3 Ptgs2","0"
"194","C07211413","Core","L4 Ctxn3","0"
"195","C07211414","Core","L2/3 Ptgs2","0"
"196","C07211415","Core","Pvalb Tacr3","0"
"197","C07211416","Core","L4 Ctxn3","0"
"198","C07211417","Transition","L4 Ctxn3","L2/3 Ptgs2"
"199","C07211418","Core","L2/3 Ptgs2","0"
"200","C07211419","Core","L4 Ctxn3","0"
"201","C07211420","Core","L5a Tcerg1l","0"
"202","C07211421","Core","L4 Ctxn3","0"
"203","C07211422","Core","L4 Arf5","0"
"204","C07211423","Core","L2/3 Ptgs2","0"
"205","C07211424","Core","Sst Cbln4","0"
"206","C09111417","Core","L4 Ctxn3","0"
"207","C09111418","Core","L4 Ctxn3","0"
"208","C09111419","Core","L5a Tcerg1l","0"
"209","C09111420","Transition","L4 Scnn1a","L4 Ctxn3"
"210","C09111421","Core","L2/3 Ptgs2","0"
"211","C09111422","Core","L2/3 Ptgs2","0"
"212","C09111423","Core","L2/3 Ptgs2","0"
"213","C09111424","Transition","L4 Scnn1a","L4 Ctxn3"
"214","C09111428","Core","L2/3 Ptgs2","0"
"215","C09111429","Core","L4 Arf5","0"
"216","C09111430","Core","L5 Hsd11b1","0"
"217","C09111431","Core","L2/3 Ptgs2","0"
"218","C09111432","Transition","L5 Hsd11b1","L4 Arf5"
"219","C09111433","Core","Ndnf Car4","0"
"220","C09111434","Core","Ndnf Car4","0"
"221","C09111435","Transition","L2 Ngb","L2/3 Ptgs2"
"222","C09111436","Core","L4 Ctxn3","0"
"223","C09111438","Core","L2/3 Ptgs2","0"
"224","C09111439","Transition","L4 Ctxn3","L2/3 Ptgs2"
"225","C09111440","Core","L2/3 Ptgs2","0"
"226","C09111441","Core","L4 Ctxn3","0"
"227","C09111442","Transition","L2/3 Ptgs2","L2 Ngb"
"228","C09111443","Core","L2/3 Ptgs2","0"
"229","C09111444","Core","L2/3 Ptgs2","0"
"230","C09111445","Core","L2/3 Ptgs2","0"
"231","C09111446","Core","Sst Cbln4","0"
"232","C12181417","Core","L2/3 Ptgs2","0"
"233","C12181418","Core","L2/3 Ptgs2","0"
"234","C12181419","Core","L2/3 Ptgs2","0"
"235","C12181420","Core","L2/3 Ptgs2","0"
"236","C12181421","Core","L2/3 Ptgs2","0"
"237","C12181422","Core","L2/3 Ptgs2","0"
"238","C12181423","Core","L2/3 Ptgs2","0"
"239","C12181424","Core","L2/3 Ptgs2","0"
"240","C12181425","Core","L2/3 Ptgs2","0"
"241","C12181426","Transition","L2/3 Ptgs2","L2 Ngb"
"242","C12181427","Core","L2/3 Ptgs2","0"
"243","C12181428","Core","L2/3 Ptgs2","0"
"244","C12181429","Core","L2/3 Ptgs2","0"
"245","C12181430","Core","L2/3 Ptgs2","0"
"246","C12181431","Core","L2/3 Ptgs2","0"
"247","C12181432","Core","L2/3 Ptgs2","0"
"248","C13090625","Core","L2/3 Ptgs2","0"
"249","C13090626","Core","L2/3 Ptgs2","0"
"250","C13090627","Core","L2/3 Ptgs2","0"
"251","C13090628","Core","L2/3 Ptgs2","0"
"252","C13090629","Core","L2/3 Ptgs2","0"
"253","C13090630","Core","L2/3 Ptgs2","0"
"254","C13090631","Core","L2/3 Ptgs2","0"
"255","C13090632","Core","L2/3 Ptgs2","0"
"256","Ct02061539","Core","Endo Myl9","0"
"257","Ct02061540","Core","Endo Xdh","0"
"258","Ct02061541","Core","Endo Myl9","0"
"259","Ct02061542","Core","Endo Myl9","0"
"260","Ct02061543","Core","Endo Xdh","0"
"261","Ct02061544","Core","Endo Xdh","0"
"262","Ct02061545","Core","Endo Xdh","0"
"263","Ct02061546","Core","Endo Xdh","0"
"264","Ct02061547","Core","Endo Myl9","0"
"265","Ct02061548","Core","Endo Myl9","0"
"266","Ct12181401","Core","L6b Serpinb11","0"
"267","Ct12181402","Core","L6b Rgs12","0"
"268","Ct12181403","Core","L6b Rgs12","0"
"269","Ct12181404","Core","L6b Rgs12","0"
"270","Ct12181406","Core","L6b Serpinb11","0"
"271","Ct12181407","Core","L6b Serpinb11","0"
"272","Ct12181408","Core","L6b Serpinb11","0"
"273","Ct12181410","Core","L6b Rgs12","0"
"274","Ct12181411","Core","L6b Rgs12","0"
"275","Ct12181412","Core","L6b Rgs12","0"
"276","Ct12181413","Core","L6b Rgs12","0"
"277","Ct12181414","Core","L6b Serpinb11","0"
"278","Ct12181416","Transition","L6b Rgs12","L6a Sla"
"279","D08281408","Core","Vip Sncg","0"
"280","D08281409","Core","Sncg","0"
"281","D08281410","Core","Ndnf Car4","0"
"282","D08281411","Core","Pvalb Gpx3","0"
"283","D08281412","Core","Igtp","0"
"284","D08281413","Core","Ndnf Cxcl14","0"
"285","D08281414","Core","Sncg","0"
"286","D08281415","Core","Sst Cbln4","0"
"287","D08281416","Core","Pvalb Cpne5","0"
"288","D08281417","Core","Vip Gpc3","0"
"289","D08281418","Core","Pvalb Rspo2","0"
"290","D08281419","Core","Oligo 9630013A20Rik ","0"
"291","D08281420","Core","Pvalb Gpx3","0"
"292","D09111401","Core","Vip Chat","0"
"293","D09111402","Transition","Vip Mybpc1","Vip Parm1"
"294","D09111403","Core","Astro Aqp4","0"
"295","D09111404","Core","Sst Cbln4","0"
"296","D09111405","Core","Smad3","0"
"297","D09111406","Core","Vip Chat","0"
"298","D09111407","Core","Ndnf Car4","0"
"299","D09111408","Core","Vip Parm1","0"
"300","D09111409","Core","Vip Sncg","0"
"301","D09111410","Transition","Vip Chat","Vip Gpc3"
"302","D09111411","Core","Astro Aqp4","0"
"303","D09111412","Core","Smad3","0"
"304","D09111413","Transition","Smad3","Ndnf Cxcl14"
"305","D09111414","Core","Igtp","0"
"306","D09111415","Core","Pvalb Cpne5","0"
"307","D09111416","Core","Vip Chat","0"
"308","D09121433","Core","Astro Aqp4","0"
"309","D09121434","Core","Sncg","0"
"310","D09121435","Transition","Ndnf Cxcl14","Vip Parm1"
"311","D09121438","Core","Vip Gpc3","0"
"312","D09121439","Core","Vip Mybpc1","0"
"313","D09121440","Core","Vip Chat","0"
"314","D09121441","Core","Ndnf Cxcl14","0"
"315","D09121442","Core","Sst Cbln4","0"
"316","D09121443","Core","Vip Chat","0"
"317","D09121444","Core","Astro Aqp4","0"
"318","D09121445","Core","Smad3","0"
"319","D09121446","Core","Astro Aqp4","0"
"320","D09121447","Core","L2 Ngb","0"
"321","D09121448","Core","Pvalb Wt1","0"
"322","D10011405","Core","Oligo Opalin","0"
"323","D10011406","Transition","Vip Gpc3","Vip Parm1"
"324","D10011407","Core","Vip Parm1","0"
"325","D10011408","Core","Pvalb Wt1","0"
"326","D10011409","Core","Smad3","0"
"327","D10011410","Core","Smad3","0"
"328","D10011411","Core","L2/3 Ptgs2","0"
"329","D10011413","Transition","L2 Ngb","L2/3 Ptgs2"
"330","D10011414","Core","Vip Gpc3","0"
"331","D10011415","Transition","Ndnf Car4","Ndnf Cxcl14"
"332","D10011417","Core","Ndnf Cxcl14","0"
"333","D10011418","Transition","Pvalb Wt1","Pvalb Rspo2"
"334","D10011419","Core","Ndnf Cxcl14","0"
"335","D10011420","Transition","Pvalb Tpbg","Pvalb Tacr3"
"336","D10011421","Core","Pvalb Gpx3","0"
"337","D10011422","Core","Ndnf Cxcl14","0"
"338","D10011423","Core","Vip Chat","0"
"339","D10011424","Core","Pvalb Gpx3","0"
"340","D10011425","Core","Smad3","0"
"341","D10011426","Core","Vip Gpc3","0"
"342","D10011427","Core","Smad3","0"
"343","D10011428","Core","Pvalb Tacr3","0"
"344","D10011429","Core","L2/3 Ptgs2","0"
"345","D10011430","Core","Smad3","0"
"346","D10011431","Core","Sst Cbln4","0"
"347","D10011432","Core","Smad3","0"
"348","D10021425","Core","Vip Sncg","0"
"349","D10021426","Core","Pvalb Tpbg","0"
"350","D10021427","Core","Sst Myh8","0"
"351","D10021428","Core","Ndnf Cxcl14","0"
"352","D10021435","Core","Pvalb Cpne5","0"
"353","D10021436","Core","Pvalb Wt1","0"
"354","D10021437","Core","Ndnf Car4","0"
"355","D10021438","Core","Oligo 9630013A20Rik ","0"
"356","F08041419","Core","OPC Pdgfra","0"
"357","F08211421","Core","L2 Ngb","0"
"358","F08211422","Core","Astro Aqp4","0"
"359","F08211423","Core","Astro Aqp4","0"
"360","F08211424","Core","Astro Aqp4","0"
"361","F08211425","Core","Astro Aqp4","0"
"362","F08211426","Core","L2/3 Ptgs2","0"
"363","F08211427","Core","L2/3 Ptgs2","0"
"364","F08211428","Core","OPC Pdgfra","0"
"365","F08211429","Transition","L2 Ngb","L2/3 Ptgs2"
"366","F08211430","Core","OPC Pdgfra","0"
"367","F08211431","Core","OPC Pdgfra","0"
"368","F08211432","Core","Oligo 9630013A20Rik ","0"
"369","F08211433","Core","OPC Pdgfra","0"
"370","F08211434","Core","OPC Pdgfra","0"
"371","F08211435","Core","Astro Aqp4","0"
"372","F08211436","Core","Oligo Opalin","0"
"373","F08211437","Core","Astro Aqp4","0"
"374","F08211438","Core","Astro Aqp4","0"
"375","G01131501","Core","Pvalb Tacr3","0"
"376","G01131502","Core","Pvalb Obox3","0"
"377","G01131504","Core","Pvalb Obox3","0"
"378","G01131505","Core","Pvalb Obox3","0"
"379","G01131506","Core","Pvalb Tacr3","0"
"380","G01131507","Core","Pvalb Tacr3","0"
"381","G01131508","Core","Pvalb Tacr3","0"
"382","G01131509","Transition","Pvalb Wt1","Pvalb Rspo2"
"383","G01131510","Core","Pvalb Obox3","0"
"384","G01131511","Core","Pvalb Obox3","0"
"385","G01131512","Core","Pvalb Obox3","0"
"386","G01131513","Core","Pvalb Obox3","0"
"387","G01131514","Transition","Pvalb Rspo2","Pvalb Wt1"
"388","G01131515","Transition","Pvalb Tacr3","Pvalb Wt1"
"389","G01131516","Core","Pvalb Wt1","0"
"390","G01131517","Core","Pvalb Tacr3","0"
"391","G01131518","Core","Pvalb Gpx3","0"
"392","G01131519","Core","Pvalb Obox3","0"
"393","G01131520","Core","Pvalb Tacr3","0"
"394","G01131521","Core","Pvalb Rspo2","0"
"395","G01131522","Transition","Pvalb Wt1","Pvalb Tacr3"
"396","G01131523","Core","Pvalb Tacr3","0"
"397","G01131524","Core","Pvalb Tacr3","0"
"398","G01131526","Core","Pvalb Obox3","0"
"399","G01131527","Core","Pvalb Obox3","0"
"400","G01131528","Core","Pvalb Obox3","0"
"401","G01131529","Core","Pvalb Obox3","0"
"402","G01131530","Transition","Pvalb Obox3","Pvalb Gpx3"
"403","G01131531","Transition","Pvalb Obox3","Pvalb Gpx3"
"404","G01131532","Transition","Pvalb Tacr3","Pvalb Wt1"
"405","G01131534","Core","L5b Tph2","0"
"406","G01131535","Core","Pvalb Wt1","0"
"407","G01131536","Core","Pvalb Obox3","0"
"408","G01131537","Core","Pvalb Tacr3","0"
"409","G01131538","Core","Pvalb Tacr3","0"
"410","G01131539","Core","Pvalb Obox3","0"
"411","G01131540","Core","Pvalb Wt1","0"
"412","G01131541","Transition","Pvalb Obox3","Pvalb Wt1"
"413","G01131542","Core","Pvalb Wt1","0"
"414","G01131543","Core","Pvalb Rspo2","0"
"415","G01131544","Core","Pvalb Tacr3","0"
"416","G01131545","Core","Pvalb Wt1","0"
"417","G01131546","Core","Pvalb Wt1","0"
"418","G01131547","Transition","Pvalb Rspo2","Pvalb Wt1"
"419","G08041425","Core","Pvalb Tacr3","0"
"420","G08041426","Core","Pvalb Tacr3","0"
"421","G08041427","Core","Pvalb Tacr3","0"
"422","G08041428","Transition","Pvalb Tacr3","Pvalb Wt1"
"423","G08041429","Core","Pvalb Tacr3","0"
"424","G08041430","Transition","Pvalb Wt1","Pvalb Gpx3"
"425","G08041431","Transition","Pvalb Wt1","Pvalb Tacr3"
"426","G08041432","Core","Pvalb Tacr3","0"
"427","G08041433","Core","Pvalb Tacr3","0"
"428","G08041434","Core","Pvalb Tacr3","0"
"429","G08041435","Core","Pvalb Tacr3","0"
"430","G08041436","Core","Pvalb Wt1","0"
"431","G08041438","Core","Pvalb Tacr3","0"
"432","G08041439","Core","Pvalb Tacr3","0"
"433","G08041440","Core","Pvalb Wt1","0"
"434","G08041441","Core","Pvalb Wt1","0"
"435","G08041442","Core","Pvalb Tacr3","0"
"436","G08041443","Core","Pvalb Wt1","0"
"437","G08041444","Core","Pvalb Tacr3","0"
"438","G08041445","Transition","Pvalb Wt1","Pvalb Tacr3"
"439","G08041446","Core","Pvalb Tacr3","0"
"440","G08041447","Core","Pvalb Wt1","0"
"441","G08041448","Core","Pvalb Wt1","0"
"442","G08051449","Transition","Pvalb Rspo2","Pvalb Wt1"
"443","G08051450","Core","Pvalb Rspo2","0"
"444","G08051451","Core","Pvalb Tacr3","0"
"445","G08051452","Core","Pvalb Wt1","0"
"446","G08051453","Core","Pvalb Wt1","0"
"447","G08051454","Core","Pvalb Wt1","0"
"448","G08051457","Core","Pvalb Wt1","0"
"449","G08051458","Core","Pvalb Rspo2","0"
"450","G08051459","Core","Pvalb Rspo2","0"
"451","G08051460","Core","Pvalb Wt1","0"
"452","G08051461","Core","Pvalb Rspo2","0"
"453","G08051462","Core","Pvalb Wt1","0"
"454","G08051463","Transition","Pvalb Obox3","Pvalb Wt1"
"455","G08051465","Core","Pvalb Wt1","0"
"456","G08051466","Core","Pvalb Wt1","0"
"457","G08051467","Core","Pvalb Wt1","0"
"458","G08051468","Transition","Pvalb Rspo2","Pvalb Wt1"
"459","G08051469","Core","Pvalb Wt1","0"
"460","G08051470","Core","Pvalb Wt1","0"
"461","G08051471","Transition","Pvalb Rspo2","Pvalb Wt1"
"462","H08041401","Transition","Ndnf Car4","Ndnf Cxcl14"
"463","H08041402","Transition","Ndnf Car4","Ndnf Cxcl14"
"464","H08041403","Core","Vip Gpc3","0"
"465","H08041404","Core","Vip Chat","0"
"466","H08041405","Core","Ndnf Cxcl14","0"
"467","H08041406","Core","Vip Parm1","0"
"468","H08041407","Core","Vip Chat","0"
"469","H08041408","Core","Ndnf Cxcl14","0"
"470","H08041409","Core","Ndnf Cxcl14","0"
"471","H08041410","Core","Ndnf Cxcl14","0"
"472","H08041411","Core","Ndnf Car4","0"
"473","H08041412","Core","Ndnf Cxcl14","0"
"474","H08041413","Core","Vip Parm1","0"
"475","H08041414","Core","Vip Parm1","0"
"476","H08041415","Core","Ndnf Cxcl14","0"
"477","H08041416","Transition","Ndnf Car4","Ndnf Cxcl14"
"478","H08041417","Transition","Ndnf Car4","Ndnf Cxcl14"
"479","H08041418","Core","Ndnf Car4","0"
"480","H08041419","Core","Vip Chat","0"
"481","H08041420","Core","Vip Chat","0"
"482","H08041421","Transition","Vip Mybpc1","Vip Parm1"
"483","H08041422","Core","Ndnf Car4","0"
"484","H08041423","Core","Vip Parm1","0"
"485","H08041424","Core","Ndnf Car4","0"
"486","H08041425","Core","Vip Parm1","0"
"487","H08041426","Transition","Ndnf Cxcl14","Smad3"
"488","H08041427","Core","Vip Mybpc1","0"
"489","H08041428","Core","Ndnf Cxcl14","0"
"490","H08041429","Core","Vip Sncg","0"
"491","H08041430","Core","Ndnf Car4","0"
"492","H08041431","Core","Vip Chat","0"
"493","H08041432","Core","Smad3","0"
"494","H08041433","Core","Ndnf Car4","0"
"495","H08041434","Core","Vip Mybpc1","0"
"496","H08041435","Core","Ndnf Car4","0"
"497","H08041436","Transition","Vip Sncg","Vip Mybpc1"
"498","H08041437","Core","Vip Chat","0"
"499","H08041438","Core","Vip Chat","0"
"500","H08041439","Core","Vip Parm1","0"
"501","H08041440","Core","Vip Chat","0"
"502","H08041441","Core","Vip Mybpc1","0"
"503","H08041442","Core","Vip Mybpc1","0"
"504","H08041443","Core","Ndnf Cxcl14","0"
"505","H08041444","Core","Ndnf Car4","0"
"506","H08041445","Core","Vip Mybpc1","0"
"507","H08041446","Core","Ndnf Cxcl14","0"
"508","H08041447","Core","Vip Parm1","0"
"509","H08041448","Core","Vip Parm1","0"
"510","H08051401","Core","Vip Sncg","0"
"511","H08051402","Core","Vip Mybpc1","0"
"512","H08051403","Core","Ndnf Cxcl14","0"
"513","H08051404","Core","Vip Mybpc1","0"
"514","H08051405","Core","Ndnf Cxcl14","0"
"515","H08051406","Transition","Vip Parm1","Vip Mybpc1"
"516","H08051407","Transition","Ndnf Car4","Ndnf Cxcl14"
"517","H08051408","Core","Vip Mybpc1","0"
"518","H08051409","Core","Vip Chat","0"
"519","H08051410","Core","Ndnf Cxcl14","0"
"520","H08051411","Core","Ndnf Cxcl14","0"
"521","H08051412","Core","Ndnf Cxcl14","0"
"522","H08051413","Core","Ndnf Cxcl14","0"
"523","H08051415","Transition","Vip Parm1","Vip Chat"
"524","H08051416","Core","Vip Parm1","0"
"525","H08051417","Core","Ndnf Car4","0"
"526","H08051418","Core","Vip Parm1","0"
"527","H08051419","Core","Vip Parm1","0"
"528","H08051420","Core","Vip Mybpc1","0"
"529","H08051421","Core","Vip Parm1","0"
"530","H08051422","Core","Vip Parm1","0"
"531","H08051423","Core","Ndnf Cxcl14","0"
"532","H08051424","Transition","L6a Sla","Pvalb Gpx3"
"533","H08051425","Transition","L6b Serpinb11","L6b Rgs12"
"534","H08051426","Core","Vip Gpc3","0"
"535","H08051427","Transition","Vip Parm1","Vip Gpc3"
"536","H08051428","Core","Vip Gpc3","0"
"537","H08051429","Core","Vip Mybpc1","0"
"538","H08051430","Core","Vip Gpc3","0"
"539","H08051431","Core","Sst Cbln4","0"
"540","H08051432","Core","L6b Serpinb11","0"
"541","H08051433","Core","Vip Gpc3","0"
"542","H08051434","Core","Ndnf Cxcl14","0"
"543","H08051435","Core","Sst Tacstd2","0"
"544","H08051436","Core","Sst Th","0"
"545","H08051437","Core","Sst Cbln4","0"
"546","H08051438","Transition","Pvalb Tacr3","Pvalb Gpx3"
"547","H08051439","Transition","L5a Batf3","L6a Sla"
"548","H08051440","Core","Ndnf Cxcl14","0"
"549","H08051441","Core","Vip Chat","0"
"550","H08051442","Core","Sst Tacstd2","0"
"551","H08051443","Core","Sncg","0"
"552","H08051444","Core","Sst Th","0"
"553","H08051445","Core","Vip Gpc3","0"
"554","H08051446","Core","L6b Serpinb11","0"
"555","H08051447","Core","Sst Tacstd2","0"
"556","H08051448","Core","L6a Sla","0"
"557","H11031401","Core","L6b Rgs12","0"
"558","H11031402","Core","L6b Serpinb11","0"
"559","H11031403","Transition","L6b Serpinb11","L6b Rgs12"
"560","H11031404","Core","L6b Rgs12","0"
"561","H11031405","Core","L6b Rgs12","0"
"562","H11031406","Core","L6b Serpinb11","0"
"563","H11031407","Core","Vip Gpc3","0"
"564","H11031408","Core","Vip Sncg","0"
"565","H11031409","Transition","Sst Cbln4","Vip Chat"
"566","H11031410","Core","L6b Serpinb11","0"
"567","H11031411","Core","L6b Serpinb11","0"
"568","H11031412","Transition","L6b Serpinb11","L6b Rgs12"
"569","H11031417","Transition","L6b Serpinb11","L6b Rgs12"
"570","H11031418","Core","L6a Sla","0"
"571","H11031419","Core","L6a Sla","0"
"572","H11031420","Core","L6b Rgs12","0"
"573","H11031421","Core","Sncg","0"
"574","H11031422","Core","L6b Rgs12","0"
"575","H11031423","Transition","L6a Sla","L6b Rgs12"
"576","H11031424","Core","Sncg","0"
"577","H11031425","Core","L6b Serpinb11","0"
"578","H11031426","Core","L6b Rgs12","0"
"579","H11031427","Core","Pvalb Cpne5","0"
"580","H11031428","Core","Sncg","0"
"581","H11031429","Core","L6b Serpinb11","0"
"582","H11031430","Core","L6b Serpinb11","0"
"583","H11031431","Core","Sncg","0"
"584","H11031432","Core","L6b Serpinb11","0"
"585","K01141501","Core","Vip Gpc3","0"
"586","K01141502","Core","Sst Myh8","0"
"587","K01141503","Core","L5a Batf3","0"
"588","K01141504","Core","Sst Chodl","0"
"589","K01141505","Core","Pvalb Gpx3","0"
"590","K01141506","Transition","Sst Th","Pvalb Gpx3"
"591","K01141508","Core","Sst Myh8","0"
"592","K01141509","Core","Vip Gpc3","0"
"593","K01141510","Transition","Sst Tacstd2","Sst Cbln4"
"594","K01141511","Core","Ndnf Cxcl14","0"
"595","K01141512","Core","Pvalb Gpx3","0"
"596","K01141513","Core","Sncg","0"
"597","K01141514","Core","Pvalb Gpx3","0"
"598","K06271401","Core","Sst Th","0"
"599","K06271402","Core","Sst Myh8","0"
"600","K06271403","Core","Sst Myh8","0"
"601","K06271404","Core","Sst Myh8","0"
"602","K06271405","Core","L5a Batf3","0"
"603","K06271406","Core","Sst Th","0"
"604","K06271407","Core","Sst Myh8","0"
"605","K06271408","Core","Sst Myh8","0"
"606","K06271409","Transition","L5a Batf3","L5a Tcerg1l"
"607","K06271410","Core","Sst Th","0"
"608","K06271411","Transition","L5a Batf3","L5a Pde1c"
"609","K06271412","Core","Pvalb Gpx3","0"
"610","K06271413","Core","Sst Myh8","0"
"611","K06271414","Core","Sst Cdk6","0"
"612","K06271415","Core","Sst Myh8","0"
"613","K06271416","Core","Sst Tacstd2","0"
"614","K06271417","Core","Sst Myh8","0"
"615","K06271418","Core","Sst Chodl","0"
"616","K06271420","Core","Sst Myh8","0"
"617","K06271421","Core","Sst Myh8","0"
"618","K06271422","Core","Sst Myh8","0"
"619","K06271423","Core","Sst Myh8","0"
"620","K06271424","Core","Sst Myh8","0"
"621","K06271425","Core","Sst Myh8","0"
"622","K06271426","Core","L5a Batf3","0"
"623","K06271427","Core","Sst Myh8","0"
"624","K06271428","Core","Sst Tacstd2","0"
"625","K06271429","Core","Sst Th","0"
"626","K06271430","Transition","Sst Cdk6","Sst Myh8"
"627","K06271433","Core","Pvalb Gpx3","0"
"628","K06271434","Core","Sst Cdk6","0"
"629","K06271435","Core","Sst Cdk6","0"
"630","K06271437","Core","Sst Myh8","0"
"631","K06271438","Core","Sst Myh8","0"
"632","K06271439","Transition","Sst Myh8","Sst Cdk6"
"633","K06271440","Core","Sst Th","0"
"634","K06271441","Transition","Sst Cdk6","Sst Myh8"
"635","K06271442","Transition","L5a Pde1c","L5a Batf3"
"636","K06271443","Core","Sst Myh8","0"
"637","K06271444","Core","Sst Th","0"
"638","K06271445","Core","Sst Th","0"
"639","K06271446","Core","Sst Myh8","0"
"640","K06271447","Transition","Sst Myh8","Sst Cdk6"
"641","K06271448","Core","Sst Myh8","0"
"642","K08211415","Core","L5a Batf3","0"
"643","K08211416","Core","Sst Myh8","0"
"644","K08211417","Core","Sst Cdk6","0"
"645","K08211418","Core","Vip Sncg","0"
"646","K08211419","Transition","Pvalb Wt1","Pvalb Rspo2"
"647","K08211420","Core","L5a Batf3","0"
"648","K10021401","Transition","Pvalb Gpx3","Pvalb Obox3"
"649","K10021402","Core","Pvalb Gpx3","0"
"650","K10021403","Core","Sst Tacstd2","0"
"651","K10021404","Core","L5a Pde1c","0"
"652","K10021405","Core","L5a Pde1c","0"
"653","K10021406","Core","L5a Pde1c","0"
"654","K10021407","Core","Sst Myh8","0"
"655","K10021408","Core","Vip Gpc3","0"
"656","K10021409","Core","L5a Pde1c","0"
"657","K10021410","Transition","L5a Batf3","L5a Pde1c"
"658","K10021411","Core","L5a Batf3","0"
"659","K10021412","Core","L6a Mgp","0"
"660","K10021413","Core","Sst Cdk6","0"
"661","K10021414","Core","Sst Chodl","0"
"662","K10021415","Core","Sst Myh8","0"
"663","K10021416","Core","Sst Cdk6","0"
"664","K10021417","Core","Sst Cdk6","0"
"665","K10021418","Core","Vip Gpc3","0"
"666","K10021419","Core","L5a Batf3","0"
"667","K10021420","Core","Sst Cdk6","0"
"668","K10021421","Core","Pvalb Gpx3","0"
"669","M02121521","Core","Sst Cbln4","0"
"670","M02121522","Core","Sst Cbln4","0"
"671","M02121523","Core","Sst Cbln4","0"
"672","M02121524","Core","Sst Chodl","0"
"673","M02121525","Core","Sst Cbln4","0"
"674","M02121526","Core","Sst Cbln4","0"
"675","M02121527","Core","Sst Cbln4","0"
"676","M02121528","Core","Sst Cbln4","0"
"677","M02121529","Core","Sst Cbln4","0"
"678","M02121530","Core","Sst Cbln4","0"
"679","M02121531","Core","Sst Cbln4","0"
"680","M02121532","Core","Sst Cbln4","0"
"681","M02121533","Core","L2 Ngb","0"
"682","M02121534","Core","Sst Cbln4","0"
"683","M02121535","Core","Sst Cbln4","0"
"684","M02121536","Core","OPC Pdgfra","0"
"685","M02121537","Core","Sst Cbln4","0"
"686","M02121538","Core","Sst Chodl","0"
"687","M02121539","Transition","Oligo 9630013A20Rik ","Oligo Opalin"
"688","M02121540","Core","L2/3 Ptgs2","0"
"689","M02131546","Core","Sst Tacstd2","0"
"690","M02131547","Transition","Sst Cdk6","Sst Cbln4"
"691","M02131548","Core","Sst Th","0"
"692","M02271401","Core","Sst Cbln4","0"
"693","M02271402","Core","Sst Cbln4","0"
"694","M02271404","Core","Sst Tacstd2","0"
"695","M02271405","Core","Sst Cdk6","0"
"696","M02271406","Core","Sst Cbln4","0"
"697","M02271407","Core","Sst Cbln4","0"
"698","M02271408","Core","Sst Cbln4","0"
"699","M06111441","Core","Sst Tacstd2","0"
"700","M06111442","Core","Sst Cdk6","0"
"701","M06111443","Core","Sst Chodl","0"
"702","M06111444","Core","Sst Cbln4","0"
"703","M06111445","Core","Sst Cbln4","0"
"704","M06111446","Core","Sst Cbln4","0"
"705","M06111447","Core","Sst Cdk6","0"
"706","M06111448","Core","Sst Cbln4","0"
"707","M07081401","Core","Sst Cbln4","0"
"708","M07081402","Transition","Sst Myh8","Sst Cdk6"
"709","M07081403","Core","Sst Cdk6","0"
"710","M07081404","Core","Sst Cbln4","0"
"711","M07081405","Core","Sst Cbln4","0"
"712","M07081406","Core","Sst Cbln4","0"
"713","M07081407","Core","Sst Myh8","0"
"714","M07081408","Core","Sst Cbln4","0"
"715","M07081409","Core","Sst Cbln4","0"
"716","M07081410","Core","Sst Cdk6","0"
"717","M07081411","Core","Sst Cbln4","0"
"718","M07081412","Core","Sst Cbln4","0"
"719","M07081413","Core","Sst Cbln4","0"
"720","M07081414","Core","Sst Cbln4","0"
"721","M07081415","Core","Sst Cbln4","0"
"722","M07081416","Core","Sst Cbln4","0"
"723","M07081417","Core","Sst Chodl","0"
"724","M07081418","Core","Pvalb Tacr3","0"
"725","M07081419","Core","Sst Cbln4","0"
"726","M07081420","Core","Sst Cbln4","0"
"727","M07081421","Core","Sst Cbln4","0"
"728","M07081422","Core","Sst Cbln4","0"
"729","M07081423","Core","Sst Cbln4","0"
"730","M07081425","Core","Sst Myh8","0"
"731","M07081426","Core","Sst Th","0"
"732","M07081427","Core","Sst Myh8","0"
"733","M07081428","Core","Sst Th","0"
"734","M07081429","Transition","Pvalb Tacr3","Pvalb Gpx3"
"735","M07081430","Core","Sst Myh8","0"
"736","M07081431","Transition","Pvalb Gpx3","Sst Tacstd2"
"737","M07081433","Core","Sst Cbln4","0"
"738","M07081434","Core","Pvalb Gpx3","0"
"739","M07081435","Core","Sst Th","0"
"740","M07081436","Core","Sst Th","0"
"741","M07081437","Core","Sst Myh8","0"
"742","M07081438","Core","Sst Tacstd2","0"
"743","M07081439","Core","Sst Th","0"
"744","M07181401","Core","Sst Cbln4","0"
"745","M07181402","Core","Sst Myh8","0"
"746","M07181403","Core","Sst Cbln4","0"
"747","M07181404","Core","Sst Chodl","0"
"748","M07181405","Core","Sst Chodl","0"
"749","M07181406","Core","Sst Cbln4","0"
"750","M07181407","Core","Sst Tacstd2","0"
"751","M07181408","Core","Sst Myh8","0"
"752","M07181409","Core","Sst Cbln4","0"
"753","M07181410","Core","Sst Cdk6","0"
"754","M07181411","Core","Sst Cbln4","0"
"755","M07181412","Core","Sst Cbln4","0"
"756","M07181413","Core","Sst Myh8","0"
"757","M07181414","Core","Sst Myh8","0"
"758","M07181415","Core","Sst Tacstd2","0"
"759","M07181416","Core","Sst Cbln4","0"
"760","M07181417","Core","Sst Cbln4","0"
"761","M07181418","Transition","Sst Cdk6","Sst Cbln4"
"762","M07181419","Core","Pvalb Gpx3","0"
"763","M07181420","Core","Sst Myh8","0"
"764","M07181421","Core","Sst Cbln4","0"
"765","M07181422","Core","Sst Cbln4","0"
"766","M07181423","Core","Sst Myh8","0"
"767","M07181424","Core","Sst Cbln4","0"
"768","M13120933","Core","Sst Th","0"
"769","M13120934","Core","Sst Chodl","0"
"770","M13120935","Core","Sst Cbln4","0"
"771","M13120936","Transition","Sst Cbln4","Sst Cdk6"
"772","M13120937","Core","Sst Cbln4","0"
"773","M13120938","Transition","Sst Th","Sst Myh8"
"774","M13120939","Core","Pvalb Gpx3","0"
"775","M13120940","Transition","Sst Cdk6","Sst Myh8"
"776","N01241417","Core","L4 Scnn1a","0"
"777","N01241418","Core","L4 Scnn1a","0"
"778","N01241419","Core","L4 Ctxn3","0"
"779","N01241420","Core","L4 Ctxn3","0"
"780","N01241421","Transition","L4 Scnn1a","L4 Ctxn3"
"781","N01241422","Transition","L4 Arf5","L4 Scnn1a"
"782","N01241423","Transition","L4 Ctxn3","L4 Scnn1a"
"783","N01241424","Transition","L4 Ctxn3","L4 Scnn1a"
"784","N07011401","Transition","L4 Ctxn3","L4 Scnn1a"
"785","N07011402","Core","L4 Scnn1a","0"
"786","N07181401","Core","L4 Ctxn3","0"
"787","N07181402","Core","L4 Ctxn3","0"
"788","N07181403","Transition","L4 Scnn1a","L4 Ctxn3"
"789","N07181404","Core","L4 Scnn1a","0"
"790","N07181405","Core","L4 Arf5","0"
"791","N07181406","Core","L4 Scnn1a","0"
"792","N07181407","Transition","L4 Scnn1a","L4 Ctxn3"
"793","N07181408","Transition","L4 Arf5","L4 Ctxn3"
"794","N12081441","Core","L4 Scnn1a","0"
"795","N12081442","Core","L4 Arf5","0"
"796","N12081444","Core","L4 Scnn1a","0"
"797","N12081446","Transition","L4 Arf5","L4 Scnn1a"
"798","N12091433","Transition","L4 Ctxn3","L4 Scnn1a"
"799","N12091436","Core","L4 Ctxn3","0"
"800","N12091437","Core","L4 Scnn1a","0"
"801","N12091438","Transition","L4 Scnn1a","L4 Ctxn3"
"802","N12091439","Core","L4 Scnn1a","0"
"803","N12091440","Core","L4 Arf5","0"
"804","N12111425","Core","L4 Arf5","0"
"805","N12111426","Core","L4 Scnn1a","0"
"806","N12111427","Transition","L4 Scnn1a","L4 Ctxn3"
"807","N12111428","Transition","L4 Arf5","L4 Scnn1a"
"808","N12111429","Transition","L4 Ctxn3","L4 Scnn1a"
"809","N12111430","Core","L4 Ctxn3","0"
"810","N12111431","Transition","L4 Ctxn3","L4 Scnn1a"
"811","N12111432","Core","L4 Scnn1a","0"
"812","N13121009","Transition","L5a Tcerg1l","L5 Hsd11b1"
"813","N13121011","Transition","L4 Scnn1a","L4 Ctxn3"
"814","N13121012","Core","L4 Arf5","0"
"815","N13121013","Transition","L4 Scnn1a","L4 Arf5"
"816","N13121014","Core","L4 Scnn1a","0"
"817","N13121015","Core","L4 Scnn1a","0"
"818","N13121016","Core","L4 Scnn1a","0"
"819","N14042541","Core","L2/3 Ptgs2","0"
"820","N14042542","Core","L4 Ctxn3","0"
"821","N14042543","Core","L4 Ctxn3","0"
"822","N14042544","Transition","L4 Ctxn3","L4 Scnn1a"
"823","N14042545","Transition","L4 Ctxn3","L4 Scnn1a"
"824","Nd02061511n","Core","Astro Aqp4","0"
"825","Nd02061512n","Core","Sst Cbln4","0"
"826","Nd02061513n","Core","L2 Ngb","0"
"827","Nd02061514n","Core","Astro Aqp4","0"
"828","Nd02061515n","Core","Astro Aqp4","0"
"829","Nd02061516n","Core","Astro Aqp4","0"
"830","Nd02061517n","Core","Astro Aqp4","0"
"831","Nd02061518n","Core","L2 Ngb","0"
"832","Nd02061519n","Core","L2 Ngb","0"
"833","Nd02061520n","Core","Astro Aqp4","0"
"834","Nd02061521n","Core","Endo Myl9","0"
"835","Nd02061522n","Core","Ndnf Cxcl14","0"
"836","Nd02061523","Core","Endo Myl9","0"
"837","Nd02061524","Core","L6a Syt17","0"
"838","Nd02061525","Core","Endo Xdh","0"
"839","Nd02061530","Core","Endo Xdh","0"
"840","Nd02061531","Core","Endo Myl9","0"
"841","Nd02061532","Core","Endo Myl9","0"
"842","Nd02061533","Core","Endo Xdh","0"
"843","Nd02061534","Core","Endo Xdh","0"
"844","Nd02061535","Core","Endo Xdh","0"
"845","Nd02061536","Core","Endo Xdh","0"
"846","Nd02061537","Core","Endo Xdh","0"
"847","Nd02061538","Core","Endo Xdh","0"
"848","Nd12181433","Core","Ndnf Cxcl14","0"
"849","Nd12181434","Core","Ndnf Car4","0"
"850","Nd12181435","Core","Ndnf Cxcl14","0"
"851","Nd12181436","Core","Ndnf Car4","0"
"852","Nd12181437","Core","Ndnf Cxcl14","0"
"853","Nd12181438","Core","Ndnf Car4","0"
"854","Nd12181439","Core","Ndnf Car4","0"
"855","P01241401","Core","Pvalb Gpx3","0"
"856","P01241402","Transition","Pvalb Rspo2","Pvalb Gpx3"
"857","P01241403","Core","Pvalb Gpx3","0"
"858","P01241404","Core","Pvalb Gpx3","0"
"859","P01241405","Core","Pvalb Tacr3","0"
"860","P01241406","Core","Pvalb Gpx3","0"
"861","P01241407","Core","Pvalb Gpx3","0"
"862","P01241408","Transition","Sst Tacstd2","Pvalb Rspo2"
"863","P12081420","Core","Pvalb Gpx3","0"
"864","P12081421","Core","Pvalb Gpx3","0"
"865","P12081422","Core","Pvalb Gpx3","0"
"866","P12081423","Core","Pvalb Tpbg","0"
"867","P12081424","Transition","Pvalb Rspo2","Pvalb Gpx3"
"868","P12081425","Core","Pvalb Gpx3","0"
"869","P12081426","Core","Vip Mybpc1","0"
"870","P12081427","Core","Pvalb Cpne5","0"
"871","P12081428","Core","Pvalb Wt1","0"
"872","P12081429","Core","Pvalb Wt1","0"
"873","P12081430","Core","Pvalb Cpne5","0"
"874","P12081431","Transition","Pvalb Gpx3","Pvalb Obox3"
"875","P12081432","Transition","Pvalb Rspo2","Pvalb Gpx3"
"876","P12081433","Core","Pvalb Tpbg","0"
"877","P12081434","Core","Pvalb Tacr3","0"
"878","P12081435","Core","Pvalb Gpx3","0"
"879","P12081436","Core","Pvalb Gpx3","0"
"880","P12081437","Core","Pvalb Tacr3","0"
"881","P12081438","Core","Pvalb Gpx3","0"
"882","P12081439","Core","Pvalb Rspo2","0"
"883","P12081440","Core","Pvalb Cpne5","0"
"884","P14042509","Core","Pvalb Gpx3","0"
"885","P14042510","Core","Pvalb Cpne5","0"
"886","P14042511","Core","Pvalb Tacr3","0"
"887","P14042513","Core","Pvalb Gpx3","0"
"888","P14042514","Core","Pvalb Gpx3","0"
"889","P14042515","Core","Pvalb Gpx3","0"
"890","P14042516","Transition","Pvalb Gpx3","Pvalb Tacr3"
"891","P14042517","Core","Pvalb Gpx3","0"
"892","P14042518","Core","Pvalb Gpx3","0"
"893","P14042519","Core","Pvalb Rspo2","0"
"894","P14042520","Core","Pvalb Gpx3","0"
"895","P14042521","Core","Pvalb Obox3","0"
"896","P14042522","Core","Pvalb Gpx3","0"
"897","P14042523","Core","Pvalb Gpx3","0"
"898","P14042524","Core","Pvalb Gpx3","0"
"899","Q02271447","Core","L5 Hsd11b1","0"
"900","Q02271448","Transition","L5a Tcerg1l","L5 Hsd11b1"
"901","Q02271449","Core","L5 Hsd11b1","0"
"902","Q02271450","Core","L5 Hsd11b1","0"
"903","Q02271451","Core","L5 Hsd11b1","0"
"904","Q06061425","Transition","L5 Hsd11b1","L4 Scnn1a"
"905","Q06061426","Core","L5 Hsd11b1","0"
"906","Q06061427","Core","L5 Hsd11b1","0"
"907","Q06061428","Core","L5 Hsd11b1","0"
"908","Q06061429","Core","L5 Hsd11b1","0"
"909","Q06061431","Core","L5 Hsd11b1","0"
"910","Q06061432","Core","L5 Hsd11b1","0"
"911","Q08041410","Transition","L5a Tcerg1l","L5 Hsd11b1"
"912","Q08041411","Core","L4 Arf5","0"
"913","Q08041412","Core","L5 Hsd11b1","0"
"914","Q08041413","Transition","L4 Arf5","L4 Scnn1a"
"915","Q08041414","Core","L4 Scnn1a","0"
"916","Q08041415","Transition","L5 Hsd11b1","L4 Scnn1a"
"917","Q08041416","Core","L5 Hsd11b1","0"
"918","R01241409","Core","L5 Ucma","0"
"919","R01241410","Core","L5a Batf3","0"
"920","R01241411","Transition","L5 Ucma","L5a Batf3"
"921","R01241412","Core","L5a Batf3","0"
"922","R01241413","Core","L5a Batf3","0"
"923","R01241414","Core","L5a Batf3","0"
"924","R01241415","Core","L5b Chrna6","0"
"925","R01241416","Core","L5b Tph2","0"
"926","R02131501","Core","L5b Chrna6","0"
"927","R02131503","Core","L5 Ucma","0"
"928","R02131504","Core","L5a Tcerg1l","0"
"929","R02131505","Core","L5b Chrna6","0"
"930","R02131506","Core","L5a Tcerg1l","0"
"931","R02131507","Core","L5a Tcerg1l","0"
"932","R02131508","Transition","L5b Cdh13","L5b Tph2"
"933","R02131509","Core","L4 Ctxn3","0"
"934","R02131510","Core","L5b Tph2","0"
"935","R02131511","Transition","L5a Tcerg1l","L5 Hsd11b1"
"936","R02131512","Core","L5 Hsd11b1","0"
"937","R02131513","Core","L5a Batf3","0"
"938","R02131514","Core","L5b Cdh13","0"
"939","R02131515","Core","L6a Car12","0"
"940","R02131516","Core","L5 Ucma","0"
"941","R02131517","Core","L5a Tcerg1l","0"
"942","R02131518","Core","L5a Batf3","0"
"943","R02131519","Core","L5a Batf3","0"
"944","R02131520","Core","L5b Chrna6","0"
"945","R02131521","Transition","L5a Tcerg1l","L5 Hsd11b1"
"946","R02131522","Core","L5 Hsd11b1","0"
"947","R02131523","Core","L5 Ucma","0"
"948","R02131524","Transition","L6a Car12","L6a Syt17"
"949","R02131525","Core","L6a Syt17","0"
"950","R02131526","Core","L5b Tph2","0"
"951","R02131528","Core","L5 Hsd11b1","0"
"952","R02131529","Core","L5 Hsd11b1","0"
"953","R02131530","Core","L5 Hsd11b1","0"
"954","R02131531","Core","L5 Hsd11b1","0"
"955","R02131532","Core","L5b Chrna6","0"
"956","R02131533","Core","L5b Cdh13","0"
"957","R02131534","Core","L6a Syt17","0"
"958","R02131535","Core","L5a Pde1c","0"
"959","R02131536","Core","L5b Cdh13","0"
"960","R02131537","Core","L5b Cdh13","0"
"961","R02131538","Core","L5 Ucma","0"
"962","R02131539","Transition","L5b Tph2","L5b Cdh13"
"963","R02131540","Core","L5b Cdh13","0"
"964","R05081401m","Core","Oligo Opalin","0"
"965","R05081402m","Core","Micro Ctss","0"
"966","R05081403m","Core","Micro Ctss","0"
"967","R05081404m","Core","Micro Ctss","0"
"968","R05081405m","Core","OPC Pdgfra","0"
"969","R05081406m","Core","OPC Pdgfra","0"
"970","R05081407m","Core","Oligo Opalin","0"
"971","R05081408m","Core","L4 Arf5","0"
"972","R05081409m","Core","OPC Pdgfra","0"
"973","R05081410m","Core","Micro Ctss","0"
"974","R05081411m","Core","Oligo 9630013A20Rik ","0"
"975","R05081412m","Core","Oligo Opalin","0"
"976","R05081413m","Core","OPC Pdgfra","0"
"977","R05081414m","Core","Micro Ctss","0"
"978","R05081415m","Core","Oligo Opalin","0"
"979","R05081416m","Core","Micro Ctss","0"
"980","R05081418m","Core","OPC Pdgfra","0"
"981","R05081419m","Core","Oligo Opalin","0"
"982","R05081420m","Core","Micro Ctss","0"
"983","R05081421m","Core","OPC Pdgfra","0"
"984","R05081422m","Core","Micro Ctss","0"
"985","R05081423m","Core","Micro Ctss","0"
"986","R05081424m","Core","Micro Ctss","0"
"987","R05081425","Core","L5 Ucma","0"
"988","R05081426","Core","L5b Tph2","0"
"989","R05081427","Core","L5b Chrna6","0"
"990","R05081430","Core","L5a Batf3","0"
"991","R05081431","Core","Pvalb Tacr3","0"
"992","R05081432","Core","L5b Tph2","0"
"993","R05081433","Transition","L5 Ucma","L5a Tcerg1l"
"994","R05081434","Core","L5b Cdh13","0"
"995","R05081435","Transition","L5a Batf3","L5a Pde1c"
"996","R05081436","Core","L5a Batf3","0"
"997","R05081437","Core","L5b Tph2","0"
"998","R05081438","Core","L5a Batf3","0"
"999","R05081439","Transition","L5a Tcerg1l","L4 Arf5"
"1000","R05081440","Core","L5b Cdh13","0"
"1001","R05081441","Transition","L5 Hsd11b1","L4 Arf5"
"1002","R05081442","Transition","L4 Ctxn3","L4 Scnn1a"
"1003","R05081443","Core","L5a Batf3","0"
"1004","R05081444","Core","L5b Tph2","0"
"1005","R05081445","Core","L5a Batf3","0"
"1006","R05081446","Core","L5a Batf3","0"
"1007","R05081447","Core","L5a Tcerg1l","0"
"1008","R05081448","Core","L5b Cdh13","0"
"1009","R06111401","Core","L5a Batf3","0"
"1010","R06111402","Core","L5b Cdh13","0"
"1011","R06111403","Core","L5a Batf3","0"
"1012","R06111404","Core","L5b Tph2","0"
"1013","R06111405","Core","L5b Cdh13","0"
"1014","R06111406","Core","L5b Tph2","0"
"1015","R06111407","Core","L5b Tph2","0"
"1016","R06111408","Core","L5b Cdh13","0"
"1017","R06111409","Core","L5b Tph2","0"
"1018","R06111410","Core","L5 Hsd11b1","0"
"1019","R06111411","Core","L5a Batf3","0"
"1020","R06111412","Core","L5b Cdh13","0"
"1021","R06111413","Core","L5b Tph2","0"
"1022","R06111414","Core","L5b Cdh13","0"
"1023","R06111415","Transition","L4 Scnn1a","L4 Ctxn3"
"1024","R06111416","Core","L5b Tph2","0"
"1025","R06111417","Core","L5a Batf3","0"
"1026","R06111418","Transition","L5a Batf3","L5a Tcerg1l"
"1027","R06111419","Core","L5b Tph2","0"
"1028","R06111420","Transition","L5a Tcerg1l","L5a Batf3"
"1029","R06111421","Core","L5b Cdh13","0"
"1030","R06111422","Core","L5b Cdh13","0"
"1031","R06111423","Transition","L5b Tph2","L5b Cdh13"
"1032","R06111424","Core","L5a Batf3","0"
"1033","R06111425","Core","L5b Tph2","0"
"1034","R06111426","Core","L5a Batf3","0"
"1035","R06111427","Core","L5b Tph2","0"
"1036","R06111428","Core","L5a Batf3","0"
"1037","R06111429","Core","L5a Batf3","0"
"1038","R06111430","Transition","L6a Mgp","L6a Sla"
"1039","R06111431","Core","L5 Ucma","0"
"1040","R06111432","Core","L5b Cdh13","0"
"1041","R06111433","Core","L5b Tph2","0"
"1042","R06111434","Core","L5 Ucma","0"
"1043","R06111435","Core","L5 Ucma","0"
"1044","R06111436","Core","L5a Batf3","0"
"1045","R06111437","Core","L5a Pde1c","0"
"1046","R06111438","Core","L5b Cdh13","0"
"1047","R06111439","Core","L5b Tph2","0"
"1048","R06111440","Transition","L5a Tcerg1l","L5a Batf3"
"1049","R07161401","Core","L5b Cdh13","0"
"1050","R07161402","Core","L5b Cdh13","0"
"1051","R07161403","Core","L5a Batf3","0"
"1052","R07161404","Core","L5a Batf3","0"
"1053","R07161405","Core","L5b Chrna6","0"
"1054","R07161406","Core","L5b Cdh13","0"
"1055","R07161407","Core","L5a Batf3","0"
"1056","R07161408","Core","L5a Batf3","0"
"1057","R07161409","Transition","L5b Cdh13","L5b Tph2"
"1058","R07161410","Core","L5b Cdh13","0"
"1059","R07161411","Core","L5b Tph2","0"
"1060","R07161412","Core","L5b Chrna6","0"
"1061","R07161413","Transition","L5a Tcerg1l","L5 Hsd11b1"
"1062","R07161414","Core","L5a Tcerg1l","0"
"1063","R07161415","Core","L6a Sla","0"
"1064","R07161416","Core","L5b Cdh13","0"
"1065","R14042101","Core","L5a Tcerg1l","0"
"1066","R14042102","Core","Sst Myh8","0"
"1067","R14042103","Core","L5b Cdh13","0"
"1068","R14042104","Core","L5b Cdh13","0"
"1069","R14042105","Core","L5a Batf3","0"
"1070","R14042106","Core","L5b Tph2","0"
"1071","R14042107","Core","L5b Cdh13","0"
"1072","R14042108","Core","L5a Tcerg1l","0"
"1073","R14042109","Core","L5a Tcerg1l","0"
"1074","R14042113","Transition","L5a Tcerg1l","L5a Batf3"
"1075","R14042118","Core","L5a Batf3","0"
"1076","R14042119","Core","L5 Hsd11b1","0"
"1077","R14042120","Core","L5a Batf3","0"
"1078","R14042121","Core","L5b Cdh13","0"
"1079","R14042122","Core","L5a Tcerg1l","0"
"1080","R14042123","Core","L5b Cdh13","0"
"1081","R14042124","Core","L5a Pde1c","0"
"1082","R14042125","Transition","L4 Ctxn3","L5 Ucma"
"1083","R14042126","Transition","L5a Tcerg1l","L5a Batf3"
"1084","R14042127","Transition","L5 Hsd11b1","L4 Scnn1a"
"1085","R14042128","Core","L5a Tcerg1l","0"
"1086","R14042129","Core","L5a Tcerg1l","0"
"1087","R14042130","Transition","L5a Pde1c","L5a Batf3"
"1088","R14042131","Core","L5b Cdh13","0"
"1089","R14042132","Core","L5b Tph2","0"
"1090","R14042133","Core","L5a Batf3","0"
"1091","R14042134","Core","L5b Tph2","0"
"1092","R14042135","Core","L5b Cdh13","0"
"1093","R14042136","Core","L5a Tcerg1l","0"
"1094","R14042137","Core","L5a Batf3","0"
"1095","R14042138","Core","L5 Ucma","0"
"1096","R14042139","Core","L5a Batf3","0"
"1097","R14042140","Core","L6a Sla","0"
"1098","R14042149","Core","L5 Hsd11b1","0"
"1099","R14042150","Core","L5a Batf3","0"
"1100","R14042151","Core","L6a Sla","0"
"1101","R14042152","Core","L6a Sla","0"
"1102","R14042153","Core","L5a Batf3","0"
"1103","R14042154","Transition","L6a Sla","L6a Mgp"
"1104","R14042155","Core","L5 Hsd11b1","0"
"1105","R14042156","Transition","L5a Tcerg1l","L5b Cdh13"
"1106","R14042501","Core","L5a Batf3","0"
"1107","R14042502","Core","L5a Batf3","0"
"1108","R14042503","Core","L5a Batf3","0"
"1109","R14042504","Core","L5b Cdh13","0"
"1110","R14042505","Transition","L6a Car12","L4 Ctxn3"
"1111","R14042506","Transition","L5 Ucma","L4 Ctxn3"
"1112","R14042507","Core","L5 Ucma","0"
"1113","R14042508","Core","L5a Batf3","0"
"1114","S02271426","Transition","L5 Hsd11b1","L5a Tcerg1l"
"1115","S02271427","Transition","L4 Arf5","L4 Scnn1a"
"1116","S02271428","Core","L4 Scnn1a","0"
"1117","S02271429","Core","L4 Scnn1a","0"
"1118","S02271430","Core","L5 Hsd11b1","0"
"1119","S02271431","Core","L4 Scnn1a","0"
"1120","S02271432","Core","L4 Scnn1a","0"
"1121","S06041401","Core","L4 Scnn1a","0"
"1122","S06041402","Transition","L4 Ctxn3","L4 Scnn1a"
"1123","S06041403","Core","L4 Scnn1a","0"
"1124","S06041404","Core","L4 Scnn1a","0"
"1125","S06041405","Core","L4 Arf5","0"
"1126","S06041406","Core","L4 Arf5","0"
"1127","S06041408","Core","L4 Scnn1a","0"
"1128","S06041409","Transition","L4 Scnn1a","L4 Ctxn3"
"1129","S06041410","Transition","L4 Scnn1a","L4 Ctxn3"
"1130","S06041411","Core","L4 Scnn1a","0"
"1131","S06041412","Core","L4 Arf5","0"
"1132","S06041413","Core","L5 Hsd11b1","0"
"1133","S06041414","Core","L4 Scnn1a","0"
"1134","S06041415","Core","L4 Arf5","0"
"1135","S06041416","Core","L5 Hsd11b1","0"
"1136","S06051401","Core","L4 Scnn1a","0"
"1137","S06051402","Core","L4 Ctxn3","0"
"1138","S06051404","Core","L4 Scnn1a","0"
"1139","S06051405","Core","L4 Scnn1a","0"
"1140","S06051406","Core","L4 Scnn1a","0"
"1141","S06051407","Core","L5 Hsd11b1","0"
"1142","S06051408","Core","L4 Scnn1a","0"
"1143","S06051409","Core","L4 Arf5","0"
"1144","S06051410","Core","L4 Scnn1a","0"
"1145","S06051411","Transition","L5 Hsd11b1","L4 Scnn1a"
"1146","S06051412","Core","L4 Scnn1a","0"
"1147","S06051413","Core","L4 Scnn1a","0"
"1148","S06051414","Core","L4 Scnn1a","0"
"1149","S06051415","Transition","L4 Scnn1a","L4 Ctxn3"
"1150","S06051416","Core","L4 Scnn1a","0"
"1151","S06051417","Transition","L4 Arf5","L4 Scnn1a"
"1152","S06051418","Core","L5 Hsd11b1","0"
"1153","S06051419","Core","L4 Arf5","0"
"1154","S06051420","Core","L4 Scnn1a","0"
"1155","S06051421","Core","L4 Arf5","0"
"1156","S06051422","Transition","L4 Arf5","L4 Scnn1a"
"1157","S06051423","Core","L4 Scnn1a","0"
"1158","S06051425","Transition","L4 Scnn1a","L4 Ctxn3"
"1159","S06051426","Core","L4 Scnn1a","0"
"1160","S06051427","Core","L4 Scnn1a","0"
"1161","S06051428","Core","L4 Scnn1a","0"
"1162","S06051429","Transition","L4 Ctxn3","L4 Scnn1a"
"1163","S06051430","Core","L4 Arf5","0"
"1164","S06051431","Core","L5 Hsd11b1","0"
"1165","S06051433","Transition","L4 Scnn1a","L4 Ctxn3"
"1166","S06051434","Core","L4 Scnn1a","0"
"1167","S06051435","Core","L4 Arf5","0"
"1168","S06051437","Core","L4 Ctxn3","0"
"1169","S06051438","Transition","L4 Arf5","L4 Scnn1a"
"1170","S06051439","Core","L4 Arf5","0"
"1171","S06051440","Transition","L4 Scnn1a","L4 Ctxn3"
"1172","S06061401m","Core","Oligo Opalin","0"
"1173","S06061402m","Core","Micro Ctss","0"
"1174","S06061403m","Core","Oligo Opalin","0"
"1175","S06061404m","Core","Micro Ctss","0"
"1176","S06061405m","Core","OPC Pdgfra","0"
"1177","S06061406m","Core","Oligo Opalin","0"
"1178","S06061407m","Core","Oligo 9630013A20Rik ","0"
"1179","S06061408m","Core","Micro Ctss","0"
"1180","S06061409m","Core","OPC Pdgfra","0"
"1181","S06061410m","Core","Oligo Opalin","0"
"1182","S06061411m","Core","OPC Pdgfra","0"
"1183","S06061412m","Core","Micro Ctss","0"
"1184","S06061413m","Core","Oligo Opalin","0"
"1185","S06061414m","Core","Oligo Opalin","0"
"1186","S06061416m","Core","Oligo Opalin","0"
"1187","S06061417m","Core","Micro Ctss","0"
"1188","S06061418m","Core","OPC Pdgfra","0"
"1189","S06061419m","Core","Oligo Opalin","0"
"1190","S06061420m","Core","Oligo Opalin","0"
"1191","S06061421m","Transition","L5 Ucma","L5a Batf3"
"1192","S06061422m","Core","Micro Ctss","0"
"1193","S06061423m","Core","Oligo Opalin","0"
"1194","S06061424m","Core","Oligo Opalin","0"
"1195","S08041403","Core","L5 Hsd11b1","0"
"1196","S08041404","Core","L5a Batf3","0"
"1197","S08041405","Core","L6a Mgp","0"
"1198","S08041406","Core","L6a Mgp","0"
"1199","S08041407","Transition","L5 Hsd11b1","L5a Tcerg1l"
"1200","S08041408","Core","L5a Tcerg1l","0"
"1201","S09121402","Transition","L4 Scnn1a","L4 Ctxn3"
"1202","S09121403","Transition","L4 Ctxn3","L4 Scnn1a"
"1203","S09121404","Transition","L4 Scnn1a","L4 Ctxn3"
"1204","S09121405","Transition","L4 Ctxn3","L4 Scnn1a"
"1205","S09121406","Transition","L4 Scnn1a","L4 Ctxn3"
"1206","S09121407","Transition","L4 Ctxn3","L4 Scnn1a"
"1207","S09121409","Core","L4 Arf5","0"
"1208","S09121410","Core","L4 Scnn1a","0"
"1209","S09121412","Core","L4 Scnn1a","0"
"1210","S09121413","Transition","L4 Ctxn3","L4 Arf5"
"1211","S09121414","Core","L4 Ctxn3","0"
"1212","S09121415","Transition","L4 Ctxn3","L4 Scnn1a"
"1213","S09121416","Core","L4 Ctxn3","0"
"1214","S09121417","Transition","L5 Hsd11b1","L4 Arf5"
"1215","S09121418","Transition","L5a Tcerg1l","L5a Batf3"
"1216","S09121420","Core","L4 Scnn1a","0"
"1217","S09121421","Core","L4 Scnn1a","0"
"1218","S09121422","Core","L4 Scnn1a","0"
"1219","S09121423","Transition","L5a Tcerg1l","L5a Batf3"
"1220","S09121424","Transition","L4 Scnn1a","L5 Hsd11b1"
"1221","S09121426","Core","L4 Ctxn3","0"
"1222","S09121427","Core","L4 Arf5","0"
"1223","S09121428","Core","L4 Arf5","0"
"1224","S09121429","Core","L4 Ctxn3","0"
"1225","S09121430","Core","L4 Ctxn3","0"
"1226","S09121431","Core","L4 Ctxn3","0"
"1227","S09121432","Core","L4 Ctxn3","0"
"1228","S13120925","Core","L4 Scnn1a","0"
"1229","S13120926","Core","L5 Hsd11b1","0"
"1230","S13120927","Transition","L4 Scnn1a","L4 Ctxn3"
"1231","S13120928","Core","L5 Hsd11b1","0"
"1232","S13120929","Core","L5 Hsd11b1","0"
"1233","S13120930","Core","L4 Scnn1a","0"
"1234","S13120931","Transition","L4 Scnn1a","L4 Arf5"
"1235","S13120932","Core","L4 Scnn1a","0"
"1236","Sc01151501","Core","L6a Mgp","0"
"1237","Sc01151502","Core","L2/3 Ptgs2","0"
"1238","Sc01151503","Core","L6a Mgp","0"
"1239","Sc01151504","Core","L2 Ngb","0"
"1240","Sc01151505","Transition","L6a Car12","L6a Syt17"
"1241","Sc01151506","Transition","L6a Car12","L6a Syt17"
"1242","Sc01151507","Core","L2/3 Ptgs2","0"
"1243","Sc01151508","Core","L6a Car12","0"
"1244","Sc01151509","Core","L6a Car12","0"
"1245","Sc01151510","Transition","L2 Ngb","L2/3 Ptgs2"
"1246","Sc01151511","Core","L6a Sla","0"
"1247","Sc01151512","Core","L2/3 Ptgs2","0"
"1248","Sc01151513","Transition","L4 Ctxn3","L4 Scnn1a"
"1249","Sc01151514","Core","L2 Ngb","0"
"1250","Sc01151515","Core","L2/3 Ptgs2","0"
"1251","Sc01151516","Core","L6a Mgp","0"
"1252","Sc01151517","Core","L2/3 Ptgs2","0"
"1253","Sc01151518","Core","L4 Ctxn3","0"
"1254","Sc01151519","Core","L2/3 Ptgs2","0"
"1255","Sc01151520","Core","L5a Tcerg1l","0"
"1256","Sc01151522","Core","L2/3 Ptgs2","0"
"1257","Sc01151523","Core","L2/3 Ptgs2","0"
"1258","Sc01151524","Transition","L6a Sla","L5a Batf3"
"1259","Sc01151525","Core","L6a Mgp","0"
"1260","Sc01151526","Core","L2/3 Ptgs2","0"
"1261","Sc01151527","Transition","L4 Arf5","L4 Ctxn3"
"1262","Sc01151528","Core","L2/3 Ptgs2","0"
"1263","Sc01151529","Core","L2/3 Ptgs2","0"
"1264","Sc01151530","Core","L2/3 Ptgs2","0"
"1265","Sc01151531","Core","L6a Mgp","0"
"1266","Sc01151532","Core","L2/3 Ptgs2","0"
"1267","Sc01151533","Core","L6a Car12","0"
"1268","Sc01151534","Core","L2/3 Ptgs2","0"
"1269","Sc01151535","Core","L6a Mgp","0"
"1270","Sc01151536","Core","L2 Ngb","0"
"1271","Sc01151537","Core","L6a Car12","0"
"1272","Sc01151538","Core","L2/3 Ptgs2","0"
"1273","Sc01151539","Core","L2/3 Ptgs2","0"
"1274","Sc01151540","Core","L6a Sla","0"
"1275","Sc01151541","Core","L6a Mgp","0"
"1276","Sc01151542","Core","L2/3 Ptgs2","0"
"1277","Sc01151543","Core","L2/3 Ptgs2","0"
"1278","Sc01151544","Core","L6a Car12","0"
"1279","Sc01151545","Core","L2/3 Ptgs2","0"
"1280","Sc01151546","Transition","L6a Car12","L6a Syt17"
"1281","Sc01151547","Core","L2/3 Ptgs2","0"
"1282","Sc01151548","Core","L2 Ngb","0"
"1283","T01101409","Transition","L6a Sla","L6a Mgp"
"1284","T01101410","Core","L6a Mgp","0"
"1285","T01101411","Core","L6a Sla","0"
"1286","T01101412","Core","L6a Mgp","0"
"1287","T01101413","Core","L6a Sla","0"
"1288","T01101414","Core","L6a Sla","0"
"1289","T01101415","Core","L6a Mgp","0"
"1290","T01101416","Core","L6a Sla","0"
"1291","T01141541n","Core","L6a Car12","0"
"1292","T01141542n","Core","Oligo 9630013A20Rik ","0"
"1293","T01141543n","Core","Oligo Opalin","0"
"1294","T01141544n","Core","L6a Car12","0"
"1295","T01141545n","Core","Oligo Opalin","0"
"1296","T01141546n","Core","L6a Car12","0"
"1297","T01141547n","Core","L6a Syt17","0"
"1298","T01141548n","Core","L6a Syt17","0"
"1299","T01141549n","Core","L6a Car12","0"
"1300","T01141550n","Core","OPC Pdgfra","0"
"1301","T01141551n","Core","Astro Aqp4","0"
"1302","T01141552n","Core","OPC Pdgfra","0"
"1303","T01141553n","Core","Oligo Opalin","0"
"1304","T01141554n","Core","Astro Aqp4","0"
"1305","T01141555n","Core","L6a Syt17","0"
"1306","T01141556n","Core","Oligo Opalin","0"
"1307","T01141557n","Core","Astro Aqp4","0"
"1308","T01141558n","Core","Micro Ctss","0"
"1309","T01141559n","Core","Oligo Opalin","0"
"1310","T01141560n","Core","Astro Aqp4","0"
"1311","T01141561n","Core","Astro Aqp4","0"
"1312","T01141562n","Core","Oligo Opalin","0"
"1313","T01141563n","Core","Oligo Opalin","0"
"1314","T01141564n","Core","Oligo Opalin","0"
"1315","T01141565n","Core","Astro Aqp4","0"
"1316","T01141566n","Core","Astro Aqp4","0"
"1317","T01141567n","Core","Astro Aqp4","0"
"1318","T01141569n","Core","Micro Ctss","0"
"1319","T01141570n","Core","Endo Myl9","0"
"1320","T01141571n","Core","Astro Aqp4","0"
"1321","T01141572n","Core","L6b Serpinb11","0"
"1322","T01141573n","Core","Oligo Opalin","0"
"1323","T01141574n","Core","Astro Aqp4","0"
"1324","T01141575n","Core","L6a Syt17","0"
"1325","T01141577n","Core","L6a Car12","0"
"1326","T02251501","Core","L6a Mgp","0"
"1327","T02251502","Transition","L6a Sla","L6a Mgp"
"1328","T02251503","Core","L6a Mgp","0"
"1329","T02251504","Core","L6a Mgp","0"
"1330","T02251505","Core","L6a Sla","0"
"1331","T02251506","Core","L6a Sla","0"
"1332","T02251507","Core","L6a Mgp","0"
"1333","T02251508","Transition","L6a Mgp","L6a Sla"
"1334","T02251509","Core","L6a Sla","0"
"1335","T02251510","Core","L6a Mgp","0"
"1336","T02251517","Core","L6a Sla","0"
"1337","T02251518","Transition","L6a Sla","L6a Mgp"
"1338","T02251519","Core","L6a Mgp","0"
"1339","T02251520","Core","L6a Sla","0"
"1340","T02251521","Core","L6a Mgp","0"
"1341","T02251522","Core","L6a Sla","0"
"1342","T02251523","Core","L6a Mgp","0"
"1343","T02251524","Core","L6a Mgp","0"
"1344","T02251525","Core","L6a Mgp","0"
"1345","T02251526","Core","L6a Sla","0"
"1346","T02271417","Core","L6a Sla","0"
"1347","T02271418","Core","L6a Mgp","0"
"1348","T02271419","Core","L6a Sla","0"
"1349","T02271420","Core","L6a Mgp","0"
"1350","T02271421","Core","L6a Sla","0"
"1351","T02271422","Core","L6a Sla","0"
"1352","T02271423","Core","L6a Mgp","0"
"1353","T02271424","Core","L6a Sla","0"
"1354","T05151401","Core","L6a Sla","0"
"1355","T05151402","Core","L6a Mgp","0"
"1356","T05151403","Core","L6a Sla","0"
"1357","T05151404","Core","L6a Mgp","0"
"1358","T05151405","Core","L6a Mgp","0"
"1359","T05151406","Core","L6a Sla","0"
"1360","T05151407","Transition","L6a Mgp","L6a Sla"
"1361","T05151408","Core","L6a Mgp","0"
"1362","T05151409","Core","L6a Mgp","0"
"1363","T05151410","Core","L6a Mgp","0"
"1364","T05151411","Core","L6a Sla","0"
"1365","T05151412","Core","L6a Mgp","0"
"1366","T05151413","Core","L6a Sla","0"
"1367","T05151414","Core","L6a Sla","0"
"1368","T05151415","Core","L6a Sla","0"
"1369","T05151416","Core","L6a Mgp","0"
"1370","T07011401","Core","L6a Sla","0"
"1371","T07011402","Core","L6a Sla","0"
"1372","T07011403","Core","L6a Sla","0"
"1373","T07011406","Core","L6a Sla","0"
"1374","T07011407","Core","L6a Mgp","0"
"1375","T07011408","Core","L6a Sla","0"
"1376","T07011409","Core","L6a Sla","0"
"1377","T07011410","Core","L6a Sla","0"
"1378","T07011411","Core","L6a Sla","0"
"1379","T07011412","Core","L6a Sla","0"
"1380","T07011413","Core","L6a Sla","0"
"1381","T07011414","Transition","L6a Sla","L6a Mgp"
"1382","T07011415","Core","L6a Sla","0"
"1383","T07011416","Core","L6a Sla","0"
"1384","T07011417","Core","L6a Sla","0"
"1385","T07011418","Core","L6a Sla","0"
"1386","T07011419","Core","L6a Sla","0"
"1387","T07011420","Core","L6a Sla","0"
"1388","T07011421","Core","L6a Sla","0"
"1389","T07011422","Core","L6a Sla","0"
"1390","T07011423","Core","L6a Mgp","0"
"1391","T07011424","Core","L6a Sla","0"
"1392","T08211401n","Core","L6a Syt17","0"
"1393","T08211402n","Core","L6a Sla","0"
"1394","T08211403n","Core","OPC Pdgfra","0"
"1395","T08211404n","Core","OPC Pdgfra","0"
"1396","T08211405n","Core","L6a Car12","0"
"1397","T08211406n","Core","Oligo Opalin","0"
"1398","T08211407n","Core","Oligo 9630013A20Rik ","0"
"1399","T08211408n","Transition","L6a Car12","L6a Syt17"
"1400","T08211410n","Core","Oligo Opalin","0"
"1401","T08211411n","Core","Astro Aqp4","0"
"1402","T08211412n","Core","OPC Pdgfra","0"
"1403","T08211413n","Core","L6a Syt17","0"
"1404","T08211414n","Core","L6a Car12","0"
"1405","T10011401n","Core","L6a Syt17","0"
"1406","T10011402n","Transition","L6a Sla","L6a Mgp"
"1407","T10011403n","Core","L6a Car12","0"
"1408","T10011404n","Transition","L6b Rgs12","L6a Sla"
"1409","T10021422n","Core","L6a Syt17","0"
"1410","T10021423n","Transition","Sst Th","Sst Cbln4"
"1411","T10021424n","Core","Vip Gpc3","0"
"1412","T13120917","Core","L6a Sla","0"
"1413","T13120918","Transition","L6a Mgp","L6a Sla"
"1414","T13120919","Core","L6a Mgp","0"
"1415","Tc02061501","Core","Pvalb Tacr3","0"
"1416","Tc02061502","Core","L5b Tph2","0"
"1417","Tc02061503","Core","L5b Tph2","0"
"1418","Tc02061504","Core","Pvalb Gpx3","0"
"1419","Tc02061505","Core","Pvalb Gpx3","0"
"1420","Tc02061507","Transition","Pvalb Tpbg","Pvalb Tacr3"
"1421","Tc02061508","Core","Pvalb Tacr3","0"
"1422","Tc02061509","Transition","Pvalb Gpx3","Pvalb Wt1"
"1423","U01101433","Core","Endo Myl9","0"
"1424","U01101434","Core","Vip Chat","0"
"1425","U01101435","Core","Vip Parm1","0"
"1426","U01101436","Core","Sst Chodl","0"
"1427","U01101437","Transition","Vip Chat","Vip Parm1"
"1428","U01101438","Core","Sst Chodl","0"
"1429","U01101439","Core","Sst Chodl","0"
"1430","U01101440","Core","Ndnf Car4","0"
"1431","U02271409","Core","Igtp","0"
"1432","U02271410","Core","Igtp","0"
"1433","U02271411","Core","Sst Chodl","0"
"1434","U02271412","Core","Sst Chodl","0"
"1435","U02271413","Core","Igtp","0"
"1436","U02271414","Core","Sst Chodl","0"
"1437","U02271415","Core","Sst Chodl","0"
"1438","U02271416","Core","Sst Chodl","0"
"1439","U07011401","Core","Sst Chodl","0"
"1440","U07011402","Core","Sst Chodl","0"
"1441","U07011403","Core","Ndnf Car4","0"
"1442","U07011404","Core","Sst Chodl","0"
"1443","U07011405","Core","Sst Chodl","0"
"1444","U07011406","Core","Sst Chodl","0"
"1445","U11031414","Core","L2/3 Ptgs2","0"
"1446","U11031415","Core","Sst Chodl","0"
"1447","U11031416","Core","Sst Chodl","0"
"1448","U11031434","Core","L5a Pde1c","0"
"1449","U11031435","Transition","L5a Tcerg1l","L5a Pde1c"
"1450","U11031437","Transition","L5a Pde1c","L5a Batf3"
"1451","U11031438","Core","Sst Chodl","0"
"1452","U11031439","Transition","L5a Pde1c","L5a Batf3"
"1453","U11051401","Core","Igtp","0"
"1454","U11051402","Core","Sst Chodl","0"
"1455","U11051403","Core","L5a Pde1c","0"
"1456","U11051404","Core","L5a Pde1c","0"
"1457","U11051405","Core","Sst Chodl","0"
"1458","U11051406","Core","Smad3","0"
"1459","U11051407","Core","L6a Syt17","0"
"1460","U11051408","Transition","L6a Syt17","L5a Pde1c"
"1461","U11051409","Core","Sst Cbln4","0"
"1462","U11051410","Core","Smad3","0"
"1463","U11051411","Core","Igtp","0"
"1464","U11051412","Transition","L5a Pde1c","L5a Batf3"
"1465","U11051413","Transition","L2 Ngb","L2/3 Ptgs2"
"1466","U11051414","Core","Sst Chodl","0"
"1467","U11051415","Core","Ndnf Car4","0"
"1468","U11051416","Transition","L5a Pde1c","L5a Batf3"
"1469","U11051417","Core","Ndnf Car4","0"
"1470","U11051418","Core","Ndnf Car4","0"
"1471","U11051420","Core","L5a Pde1c","0"
"1472","U11051421","Core","Sst Chodl","0"
"1473","U11051422","Transition","L5a Pde1c","L5a Batf3"
"1474","U11051423","Core","Sst Chodl","0"
"1475","U11051424","Core","Sst Chodl","0"
"1476","U11051425","Core","Endo Myl9","0"
"1477","U11051426","Core","Ndnf Car4","0"
"1478","U11051427","Core","Sst Chodl","0"
"1479","U11051428","Core","Sst Chodl","0"
"1480","U11051429","Core","Sst Chodl","0"
"1481","U11051430","Core","L5a Pde1c","0"
"1482","U11051431","Core","Vip Chat","0"
"1483","U11051432","Core","L2 Ngb","0"
"1484","U11051438","Core","Sst Chodl","0"
"1485","U11051439","Core","Sst Chodl","0"
"1486","U11051440","Core","Sst Chodl","0"
"1487","U11051441","Core","L5a Batf3","0"
"1488","U11051442","Core","Endo Myl9","0"
"1489","U11051443","Core","Sst Chodl","0"
"1490","U11051444","Core","Sst Chodl","0"
"1491","U11051445","Core","Vip Chat","0"
"1492","U11051446","Core","Sst Chodl","0"
"1493","U11051447","Core","L2 Ngb","0"
"1494","U11051448","Transition","L4 Ctxn3","L2/3 Ptgs2"
"1495","V07071402","Core","Vip Parm1","0"
"1496","V07071403","Core","Vip Sncg","0"
"1497","V07071404","Core","Vip Sncg","0"
"1498","V07071405","Core","Vip Parm1","0"
"1499","V07071406","Transition","Vip Parm1","Vip Mybpc1"
"1500","V07071407","Core","Vip Parm1","0"
"1501","V07071409","Core","Vip Mybpc1","0"
"1502","V07071410","Core","Vip Parm1","0"
"1503","V07071411","Core","Vip Mybpc1","0"
"1504","V07071412","Core","Vip Chat","0"
"1505","V07071413","Core","Vip Parm1","0"
"1506","V07071414","Core","Vip Parm1","0"
"1507","V07071415","Core","Vip Mybpc1","0"
"1508","V07071416","Core","Vip Chat","0"
"1509","V07071417","Core","Vip Sncg","0"
"1510","V07071418","Core","Vip Parm1","0"
"1511","V07071419","Core","Vip Sncg","0"
"1512","V07071420","Core","Vip Gpc3","0"
"1513","V07071421","Transition","Vip Mybpc1","Vip Parm1"
"1514","V07071422","Core","Vip Mybpc1","0"
"1515","V07071423","Transition","Vip Mybpc1","Vip Parm1"
"1516","V07071424","Transition","Vip Gpc3","Vip Parm1"
"1517","V07071426","Core","Vip Sncg","0"
"1518","V07071427","Core","Vip Gpc3","0"
"1519","V07071428","Core","Vip Gpc3","0"
"1520","V07071429","Core","Vip Gpc3","0"
"1521","V07071430","Core","Vip Gpc3","0"
"1522","V07071431","Core","Vip Gpc3","0"
"1523","V07071432","Core","Vip Gpc3","0"
"1524","V07071433","Core","Vip Parm1","0"
"1525","V07071434","Core","Vip Gpc3","0"
"1526","V07071435","Core","Vip Gpc3","0"
"1527","V07071436","Core","Vip Gpc3","0"
"1528","V07071437","Core","Vip Gpc3","0"
"1529","V07071438","Core","Vip Gpc3","0"
"1530","V07071439","Core","Vip Gpc3","0"
"1531","V07071440","Core","Vip Gpc3","0"
"1532","V07071441","Core","Vip Gpc3","0"
"1533","V07071442","Core","Vip Gpc3","0"
"1534","V07071443","Transition","Vip Gpc3","Vip Chat"
"1535","V07071444","Core","Vip Chat","0"
"1536","V07071445","Core","Vip Gpc3","0"
"1537","V07071446","Core","Vip Gpc3","0"
"1538","V07071448","Transition","Vip Gpc3","Vip Parm1"
"1539","V07171401","Core","Vip Gpc3","0"
"1540","V07171402","Core","Vip Gpc3","0"
"1541","V07171403","Core","Vip Gpc3","0"
"1542","V07171404","Core","Vip Gpc3","0"
"1543","V07171405","Transition","Vip Gpc3","Vip Parm1"
"1544","V07171406","Core","Vip Gpc3","0"
"1545","V07171407","Core","Vip Gpc3","0"
"1546","V07171408","Core","Vip Gpc3","0"
"1547","V07211401","Core","Vip Parm1","0"
"1548","V07211402","Core","Vip Chat","0"
"1549","V07211403","Core","Vip Chat","0"
"1550","V07211404","Core","Vip Chat","0"
"1551","V07211405","Core","Vip Mybpc1","0"
"1552","V07211406","Core","Vip Chat","0"
"1553","V07211407","Core","Vip Chat","0"
"1554","V07211408","Core","Vip Parm1","0"
"1555","V07211409","Core","Vip Chat","0"
"1556","V07211410","Core","Vip Parm1","0"
"1557","V07211411","Core","Vip Parm1","0"
"1558","V07211412","Core","Vip Parm1","0"
"1559","V07211413","Core","Vip Mybpc1","0"
"1560","V07211414","Core","Vip Parm1","0"
"1561","V07211415","Core","Vip Gpc3","0"
"1562","V07211416","Core","Vip Parm1","0"
"1563","W01141517","Core","Pvalb Cpne5","0"
"1564","W01141518","Core","Pvalb Tacr3","0"
"1565","W01141519","Core","Pvalb Tpbg","0"
"1566","W01141520","Core","Pvalb Tacr3","0"
"1567","W01141521","Core","Pvalb Tpbg","0"
"1568","W01141522","Transition","Pvalb Tacr3","Igtp"
"1569","W01141523","Transition","Pvalb Tpbg","Pvalb Gpx3"
"1570","W01141524","Core","Pvalb Cpne5","0"
"1571","W01141525","Transition","Pvalb Tpbg","Pvalb Tacr3"
"1572","W01141526","Core","Pvalb Tacr3","0"
"1573","W01141527","Core","Pvalb Tacr3","0"
"1574","W01141528","Core","Pvalb Tpbg","0"
"1575","W01141529","Core","Pvalb Tacr3","0"
"1576","W01141530","Core","Igtp","0"
"1577","W01141531","Core","Pvalb Tpbg","0"
"1578","W01141532","Core","Pvalb Tpbg","0"
"1579","W01141533","Core","Pvalb Tpbg","0"
"1580","W01141534","Transition","Pvalb Wt1","Pvalb Tacr3"
"1581","W01141535","Core","Sst Cbln4","0"
"1582","W01141536","Core","Pvalb Cpne5","0"
"1583","W01141537","Core","Igtp","0"
"1584","W01141538","Core","Igtp","0"
"1585","Y01211501","Core","Pvalb Cpne5","0"
"1586","Y01211502","Core","Pvalb Tacr3","0"
"1587","Y01211503","Core","Pvalb Wt1","0"
"1588","Y01211504","Core","Pvalb Tacr3","0"
"1589","Y01211505","Core","Pvalb Wt1","0"
"1590","Y01211506","Core","Pvalb Tacr3","0"
"1591","Y01211507","Core","Pvalb Tacr3","0"
"1592","Y01211508","Core","Pvalb Tacr3","0"
"1593","Y01211509","Core","Pvalb Tacr3","0"
"1594","Y01211510","Core","Pvalb Tpbg","0"
"1595","Y01211511","Core","Pvalb Cpne5","0"
"1596","Y01211512","Transition","Pvalb Wt1","Pvalb Tacr3"
"1597","Y01211513","Core","Pvalb Wt1","0"
"1598","Y01211514","Core","Pvalb Wt1","0"
"1599","Y01211515","Transition","Pvalb Tpbg","Pvalb Tacr3"
"1600","Y01211516","Core","Pvalb Tacr3","0"
"1601","Y01211517","Core","Pvalb Wt1","0"
"1602","Y01211518","Core","Pvalb Tacr3","0"
"1603","Y01211519","Core","Pvalb Tacr3","0"
"1604","Y01211520","Transition","Pvalb Tpbg","Pvalb Tacr3"
"1605","Y01211521","Core","Pvalb Wt1","0"
"1606","Y01211522","Core","Pvalb Wt1","0"
"1607","Y01211523","Core","Pvalb Tpbg","0"
"1608","Y01211524","Core","Pvalb Tacr3","0"
"1609","Y01211525","Transition","Pvalb Gpx3","Pvalb Rspo2"
"1610","Y01211526","Core","Pvalb Wt1","0"
"1611","Y01211527","Core","Pvalb Rspo2","0"
"1612","Y01211528","Core","Pvalb Gpx3","0"
"1613","Y01211529","Core","Pvalb Tacr3","0"
"1614","Y01211530","Transition","Pvalb Gpx3","Pvalb Wt1"
"1615","Y01211531","Transition","Pvalb Gpx3","Pvalb Rspo2"
"1616","Y01211532","Core","Pvalb Wt1","0"
"1617","Y01211533","Core","Pvalb Rspo2","0"
"1618","Y01211534","Core","Pvalb Rspo2","0"
"1619","Y01211535","Core","Pvalb Wt1","0"
"1620","Y01211536","Core","Pvalb Gpx3","0"
"1621","Y01211537","Core","Pvalb Gpx3","0"
"1622","Y01211538","Transition","Pvalb Gpx3","Pvalb Tacr3"
"1623","Y01211539","Core","Pvalb Rspo2","0"
"1624","Y01211540","Core","Pvalb Wt1","0"
"1625","Y01211541","Core","Pvalb Rspo2","0"
"1626","Y01211542","Core","Pvalb Tacr3","0"
"1627","Y01211543","Transition","Pvalb Wt1","Pvalb Rspo2"
"1628","Y01211544","Transition","Pvalb Rspo2","Pvalb Gpx3"
"1629","Y01211545","Core","Pvalb Gpx3","0"
"1630","Y01211546","Core","Pvalb Gpx3","0"
"1631","Y01211547","Core","Pvalb Wt1","0"
"1632","Y01211548","Core","Pvalb Gpx3","0"
"1633","Y02121541","Core","Pvalb Wt1","0"
"1634","Y02121542","Core","Pvalb Tpbg","0"
"1635","Y02121543","Transition","Pvalb Tacr3","Pvalb Wt1"
"1636","Y02121544","Core","Sst Cbln4","0"
"1637","Y02121545","Core","Pvalb Tacr3","0"
"1638","Y02121546","Core","Pvalb Gpx3","0"
"1639","Y02121547","Core","Pvalb Tacr3","0"
"1640","Y02121548","Core","Pvalb Tacr3","0"
"1641","Y02121549","Core","Pvalb Rspo2","0"
"1642","Y02121550","Transition","Pvalb Rspo2","Pvalb Gpx3"
"1643","Y02121551","Core","Pvalb Gpx3","0"
"1644","Y02121552","Transition","Pvalb Tacr3","Pvalb Gpx3"
"1645","Y02121553","Core","Pvalb Wt1","0"
"1646","Y02121554","Core","Pvalb Gpx3","0"
"1647","Y02121555","Core","Pvalb Gpx3","0"
"1648","Y02121556","Core","Pvalb Tacr3","0"
"1649","Y11041401","Transition","Pvalb Wt1","Pvalb Tacr3"
"1650","Y11041402","Core","Pvalb Wt1","0"
"1651","Y11041403","Core","Pvalb Obox3","0"
"1652","Y11041404","Transition","Pvalb Wt1","Pvalb Gpx3"
"1653","Y11041405","Core","Pvalb Wt1","0"
"1654","Y11041406","Core","Pvalb Tacr3","0"
"1655","Y11041407","Core","Pvalb Tacr3","0"
"1656","Y11041408","Core","Pvalb Rspo2","0"
"1657","Y11041409","Core","Pvalb Rspo2","0"
"1658","Y11041410","Core","Pvalb Wt1","0"
"1659","Y11041411","Core","Pvalb Wt1","0"
"1660","Y11041412","Core","Pvalb Gpx3","0"
"1661","Y11041413","Core","Pvalb Gpx3","0"
"1662","Y11041414","Core","Pvalb Rspo2","0"
"1663","Y11041415","Core","Pvalb Rspo2","0"
"1664","Y11041416","Core","Pvalb Tacr3","0"
"1665","Y11041417","Core","Oligo Opalin","0"
"1666","Y11041418","Core","Pvalb Cpne5","0"
"1667","Y11041419","Core","Pvalb Tacr3","0"
"1668","Y11041420","Core","Pvalb Rspo2","0"
"1669","Y11041421","Core","Pvalb Rspo2","0"
"1670","Y11041422","Core","Pvalb Gpx3","0"
"1671","Y11041423","Core","Pvalb Tacr3","0"
"1672","Y11041424","Core","Pvalb Gpx3","0"
"1673","Y11041425","Core","Pvalb Tacr3","0"
"1674","Z11041426","Core","Vip Chat","0"
"1675","Z11041427","Core","Vip Chat","0"
"1676","Z11041428","Core","Vip Chat","0"
"1677","Z11041429","Core","Vip Chat","0"
"1678","Z11041430","Core","Vip Chat","0"
"1679","Z11041431","Core","Vip Chat","0"
